,,,,,,,,,,,,,,,,,,,,,,,,,,,,,,,,,,,,,,,,,,,,,,,,,,,,,,,,,,,,,,,,,,,,,,,,,,,,,,,,,,,,,,,,,,,2001.11.01
Glass Type,Code,,Refractive Index,,,,,,,,,,,,Abbe Number,,,Dispersions,,Partial Dispersions,,,,,,Relative Partial Dispersions,,,,,,"Deviation of Relative Partial Dispersions delta P from ""Normal""",,Constants of Dispersion Formula,,,,,,,,,,Specific Gravity,,,,,,,,,,Coloring ,,Internal Transmittance (T 10mm),,,,,,,,,,,,,,,,,,,,,,,,,,,,,,,,,Bubble Quality Group,Notes,
,Code(d),Code(e),nA',nr,nC,nC',nHe-Ne,nD,nd,ne,nF,nF',ng,nh,vd,ve,vg,nF-nC,nF'-nC',nd-nC,ne-nd,ng-nd,ng-nF,nd-nC',nF'-nd,"Pd,C","Pe,d","Pg,F","P'd,C'","P'e,d","P'g,F'","delta Pg,d","delta Pg,F",A0,A1,A2,A3,A4,A5,A6,Expansion Coefficients,Transformation Temperature,Yield Point,,Water Resistance (Powder),Acid Resistance (Powder),Acid Resistance (Surface),Knoop Hardness,Abrasion,Photoelastic Constant,Young's Modulus,Rigidity Modulus,Poisson's Ratio,lambda80/lambda5,lambda70/lambda5,lambda80/lambda5,280nm,290nm,300nm,310nm,320nm,330nm,340nm,350nm,360nm,370nm,380nm,390nm,400nm,420nm,440nm,460nm,480nm,500nm,550nm,600nm,650nm,700nm,800nm,900nm,1000nm,1200nm,1400nm,1600nm,1800nm,2000nm,2200nm,2400nm,,,
E-FK5,487704,489702,1.48282 ,1.48410 ,1.48535 ,1.48569 ,1.48601 ,1.48743 ,1.48749 ,1.48914 ,1.49227 ,1.49266 ,1.49593 ,1.49894 ,70.41 ,70.22 ,57.75 ,0.006924 ,0.006966 ,0.002144 ,0.001653 ,0.008442 ,0.003662 ,0.001800 ,0.005166 ,0.3096 ,0.2387 ,0.5289 ,0.2584 ,0.2373 ,0.4703 ,0.0020 ,0.0027 ,2.18876210E+00,-9.55720070E-03,8.99152320E-03,1.45605160E-04,-5.28430670E-06,3.45880100E-07,0.00000000E+00,101,470,557,2.45 ,5,4,,,,,,,,31/28,,304/274,0.23,0.57,0.82,0.928,0.970,0.988,0.996,0.997,0.981,0.984,0.983,0.986,0.988,0.989,0.990,0.992,0.993,0.996,0.998,0.999,0.999,0.999,,,,,,,,,,,1,CY,TEST POT DATA
E-FK01,497816,498812,1.49301 ,1.49408 ,1.49514 ,1.49544 ,1.49572 ,1.49695 ,1.49700 ,1.49845 ,1.50123 ,1.50158 ,1.50450 ,1.50719 ,81.64 ,81.22 ,66.25 ,0.006088 ,0.006137 ,0.001857 ,0.001454 ,0.007502 ,0.003271 ,0.001561 ,0.004576 ,0.3050 ,0.2388 ,0.5373 ,0.2544 ,0.2369 ,0.4768 ,0.0389 ,0.0299 ,2.22250469E+00,-8.50804282E-03,5.66678700E-03,8.41849050E-04,-9.80414100E-05,4.91868528E-06,0.00000000E+00,153,468,498,3.64 ,2,3,,340(3),504,,,,,34/29,,336/290,0.01,0.06,0.20,0.41,0.63,0.80,0.900,0.953,0.980,0.992,0.999,0.999,0.999,0.999,0.999,0.999,0.999,0.999,0.999,0.999,0.999,0.999,0.999,0.999,0.999,0.999,0.999,0.999,0.996,0.995,0.988,0.991,1,YB,TEST POT DATA
E-FKH1,498825,499821,1.49388 ,1.49493 ,1.49598 ,1.49627 ,1.49655 ,1.49777 ,1.49782 ,1.49926 ,1.50201 ,1.50236 ,1.50526 ,1.50794 ,82.52 ,82.09 ,66.87 ,0.006033 ,0.006082 ,0.001840 ,0.001440 ,0.007445 ,0.003252 ,0.001547 ,0.004535 ,0.3050 ,0.2387 ,0.5390 ,0.2544 ,0.2368 ,0.4785 ,0.0426 ,0.0331 ,2.22025427E+00,-5.13496818E-03,8.41587708E-03,5.42635530E-05,7.61288219E-06,-4.89857441E-07,0.00000000E+00,153,482,512,3.87 ,,,,,,,,,,35/30,,342/301,,0.01,0.06,0.17,0.38,0.61,0.80,0.909,0.968,0.994,0.999,0.999,0.999,0.999,0.999,0.999,0.999,0.999,0.999,0.999,0.999,0.999,0.999,0.999,0.999,0.999,0.999,0.999,0.999,0.999,0.994,0.991,1,AY,TEST POT DATA
E-PKH1,519700,520698,1.51364 ,1.51499 ,1.51631 ,1.51668 ,1.51702 ,1.51853 ,1.51860 ,1.52037 ,1.52373 ,1.52414 ,1.52767 ,1.53090 ,69.98 ,69.76 ,57.20 ,0.007411 ,0.007460 ,0.002286 ,0.001769 ,0.009066 ,0.003941 ,0.001919 ,0.005541 ,0.3085 ,0.2387 ,0.5318 ,0.2572 ,0.2371 ,0.4725 ,0.0052 ,0.0049 ,2.27969929E+00,-9.67939699E-03,9.83301659E-03,1.65890669E-04,-3.86343967E-06,1.39369901E-07,0.00000000E+00,78,574,620,2.60 ,1,1,,536(5),188,,73.9,30.5,,,,332/286,0.02,,0.23,,0.64,,0.88,,0.940,,0.973,,0.990,0.992,0.991,0.990,0.993,0.995,0.999,0.999,0.999,0.999,,,,,,,,,,,1,AY,TEST POT DATA
E-PSK02,618634,620631,1.61166 ,1.61335 ,1.61504 ,1.61551 ,1.61595 ,1.61791 ,1.61800 ,1.62033 ,1.62479 ,1.62534 ,1.63010 ,1.63451 ,63.37 ,63.06 ,51.08 ,0.009752 ,0.009837 ,0.002965 ,0.002325 ,0.012099 ,0.005312 ,0.002493 ,0.007344 ,0.3040 ,0.2384 ,0.5447 ,0.2534 ,0.2364 ,0.4834 ,0.0084 ,0.0067 ,2.57651436E+00,-8.17396399E-03,1.52706397E-02,-1.17385023E-04,4.69952008E-05,-2.25968944E-06,0.00000000E+00,110,617,652,3.55 ,2,5,,355(4),341,,,,,38/32,,369/323,,,,,0.01,0.06,0.20,0.41,0.63,0.79,0.89,0.948,0.977,0.996,0.999,0.999,0.999,0.999,0.999,0.999,0.999,0.999,0.999,0.999,0.999,0.999,0.999,0.999,0.987,0.963,0.88,0.77,1,YB,TEST POT DATA
E-PSK03,603655,605652,1.59696 ,1.59858 ,1.60019 ,1.60064 ,1.60106 ,1.60292 ,1.60300 ,1.60520 ,1.60940 ,1.60992 ,1.61438 ,1.61850 ,65.47 ,65.17 ,53.00 ,0.009211 ,0.009286 ,0.002813 ,0.002197 ,0.011378 ,0.004980 ,0.002365 ,0.006921 ,0.3054 ,0.2385 ,0.5407 ,0.2547 ,0.2366 ,0.4800 ,0.0075 ,0.0062 ,2.53132391E+00,-8.65579054E-03,1.42829487E-02,-1.15110582E-04,4.15511576E-05,-1.98698360E-06,0.00000000E+00,105,609,641,3.52 ,1,5,,316(3),398,,,,,37/32,,362/313,,,0.02,0.07,0.20,0.38,0.58,0.74,0.85,0.924,0.966,0.985,0.996,0.999,0.999,0.999,0.999,0.999,0.999,0.999,0.999,0.998,0.999,0.999,0.999,0.999,0.995,0.996,0.974,0.954,0.88,0.83,1,Y,
E-BK7,517641,519639,1.51144 ,1.51289 ,1.51432 ,1.51472 ,1.51509 ,1.51673 ,1.51680 ,1.51872 ,1.52238 ,1.52284 ,1.52670 ,1.53026 ,64.10 ,63.89 ,52.19 ,0.008062 ,0.008119 ,0.002478 ,0.001923 ,0.009903 ,0.004319 ,0.002081 ,0.006038 ,0.3074 ,0.2385 ,0.5357 ,0.2563 ,0.2369 ,0.4760 ,-0.0023 ,-0.0011 ,2.27119200E+00,-9.66126763E-03,1.10306969E-02,7.00379964E-05,1.39658544E-05,-7.62560454E-07,0.00000000E+00,92,564,611,2.52 ,,,,,,,,,,33/29,,321/286,0.01,0.08,0.30,0.58,0.78,0.89,0.952,0.979,0.993,0.998,0.998,0.999,0.999,0.999,0.999,0.999,0.999,0.999,0.999,0.999,0.999,0.999,0.999,0.999,0.999,0.999,0.989,0.996,0.969,0.932,0.83,0.77,1,T,TEMPORARY DATA
E-BAK1,572577,575575,1.56604 ,1.56778 ,1.56950 ,1.56998 ,1.57042 ,1.57241 ,1.57250 ,1.57486 ,1.57941 ,1.57998 ,1.58485 ,1.58936 ,57.74 ,57.45 ,46.37 ,0.009916 ,0.010006 ,0.003002 ,0.002361 ,0.012346 ,0.005432 ,0.002524 ,0.007482 ,0.3027 ,0.2381 ,0.5478 ,0.2522 ,0.2360 ,0.4861 ,0.0008 ,0.0003 ,2.44353274E+00,-1.61455184E-02,8.81927898E-03,1.44687542E-03,-1.36331798E-04,6.03309808E-06,0.00000000E+00,85,597,654,3.16 ,1,1,,597(6),98,,,,,33/29,,324/291,,0.04,0.23,0.52,0.74,0.87,0.933,0.963,0.983,0.991,0.995,0.997,0.997,0.999,0.997,0.998,0.999,0.999,0.999,0.999,0.999,0.999,,,,,,,,,,,1,Y,TEST POT DATA
E-BAK2,540595,542592,1.53404 ,1.53562 ,1.53719 ,1.53763 ,1.53804 ,1.53988 ,1.53996 ,1.54212 ,1.54628 ,1.54679 ,1.55122 ,1.55532 ,59.45 ,59.19 ,47.95 ,0.009082 ,0.009159 ,0.002762 ,0.002165 ,0.011262 ,0.004942 ,0.002322 ,0.006837 ,0.3041 ,0.2384 ,0.5442 ,0.2535 ,0.2364 ,0.4831 ,-0.0005 ,-0.0004 ,2.33664322E+00,-8.62588382E-03,1.25079902E-02,1.75550187E-04,4.02268677E-06,-3.58785019E-08,0.00000000E+00,85,554,605,2.79 ,1,1,,524(5),116,,,,,33/29,,320/288,,0.08,0.33,0.61,0.82,0.919,0.972,0.996,0.999,0.999,0.999,0.999,0.999,0.999,0.999,0.999,0.999,0.999,0.999,0.999,0.999,0.999,0.999,0.999,0.999,0.999,0.999,0.999,0.999,0.986,0.925,0.89,1,Y,TEST POT DATA
E-BAK4,569563,571561,1.56230 ,1.56404 ,1.56577 ,1.56626 ,1.56671 ,1.56874 ,1.56883 ,1.57124 ,1.57587 ,1.57645 ,1.58141 ,1.58604 ,56.34 ,56.06 ,45.22 ,0.010097 ,0.010190 ,0.003058 ,0.002406 ,0.012580 ,0.005541 ,0.002572 ,0.007618 ,0.3029 ,0.2383 ,0.5488 ,0.2524 ,0.2361 ,0.4869 ,-0.0013 ,-0.0010 ,2.42204740E+00,-9.35286439E-03,1.38282404E-02,2.92097262E-04,-5.77819731E-06,7.05644888E-07,0.00000000E+00,83,578,627,3.07 ,2,1,,551(6),149,,,,,36/32,,353/329,,,,,0.04,0.30,0.64,0.84,0.932,0.977,0.994,0.999,0.999,0.999,0.999,0.999,0.999,0.999,0.999,0.999,0.999,0.999,0.999,0.999,0.999,0.999,0.999,0.999,0.999,0.980,0.935,0.89,1,Y,TEST POT DATA
E-K3,518589,520587,1.51250 ,1.51403 ,1.51555 ,1.51598 ,1.51638 ,1.51815 ,1.51823 ,1.52032 ,1.52435 ,1.52485 ,1.52915 ,1.53315 ,58.94 ,58.67 ,47.46 ,0.008793 ,0.008869 ,0.002674 ,0.002096 ,0.010919 ,0.004800 ,0.002248 ,0.006621 ,0.3041 ,0.2384 ,0.5459 ,0.2535 ,0.2363 ,0.4846 ,0.0001 ,0.0004 ,2.27078330E+00,-7.72009861E-03,1.26286148E-02,-4.60005382E-05,3.30622876E-05,-1.37462973E-06,0.00000000E+00,112,475,538,2.50 ,3,2,,434(4),109,,,,,34/31,,340/318,,,,0.11,0.42,0.70,0.86,0.930,0.966,0.984,0.989,0.994,0.997,0.997,0.996,0.996,0.997,0.998,0.999,0.999,0.997,0.999,0.999,0.999,0.999,0.999,0.999,0.998,0.976,0.950,0.897,0.857,1,Y,TEST POT DATA
E-K5,522597,525595,1.51686 ,1.51832 ,1.51982 ,1.52025 ,1.52064 ,1.52241 ,1.52249 ,1.52458 ,1.52857 ,1.52907 ,1.53335 ,1.53732 ,59.73 ,59.46 ,48.09 ,0.008747 ,0.008823 ,0.002665 ,0.002086 ,0.010864 ,0.004782 ,0.002242 ,0.006581 ,0.3047 ,0.2385 ,0.5467 ,0.2541 ,0.2364 ,0.4854 ,0.0021 ,0.0026 ,2.25937934E+00,9.09050374E-03,2.63394215E-02,-3.77741843E-03,5.22870195E-04,-2.62918185E-05,0.00000000E+00,108,534,585,2.55 ,3,1,,476(5),123,,,,,33/29,,323/291,,0.04,0.24,0.55,0.79,0.916,0.974,0.998,0.999,0.999,0.999,0.999,0.999,0.999,0.999,0.999,0.999,0.999,0.999,0.999,0.999,0.999,0.999,0.999,0.999,0.999,0.999,0.999,0.988,0.956,0.900,0.86,1,Y,TEST POT DATA
E-KF6,517523,520520,1.51111 ,1.51276 ,1.51444 ,1.51491 ,1.51535 ,1.51733 ,1.51742 ,1.51977 ,1.52433 ,1.52490 ,1.52983 ,1.53444 ,52.31 ,52.02 ,41.70 ,0.009892 ,0.009991 ,0.002984 ,0.002354 ,0.012407 ,0.005499 ,0.002511 ,0.007480 ,0.3017 ,0.2380 ,0.5559 ,0.2513 ,0.2356 ,0.4931 ,-0.0015 ,-0.0007 ,2.24955402E+00,2.26224485E-03,2.21746519E-02,-2.28248782E-03,3.44437297E-04,-1.73774146E-05,0.00000000E+00,87,498,569,2.48 ,1,1,,411(4),104,,,,,36/34,,360/337,,,,,,,0.20,0.65,0.88,0.956,0.978,0.989,0.994,0.996,0.997,0.998,0.999,0.999,0.999,0.999,0.999,0.999,0.999,0.999,0.999,0.999,0.984,0.994,0.983,0.984,0.923,0.923,1,Y,TEST POT DATA
E-BALF4,580537,582534,1.57263 ,1.57448 ,1.57632 ,1.57683 ,1.57732 ,1.57947 ,1.57957 ,1.58214 ,1.58711 ,1.58773 ,1.59308 ,1.59810 ,53.71 ,53.42 ,42.90 ,0.010791 ,0.010897 ,0.003251 ,0.002569 ,0.013509 ,0.005969 ,0.002735 ,0.008162 ,0.3013 ,0.2381 ,0.5531 ,0.2510 ,0.2358 ,0.4907 ,-0.0009 ,-0.0011 ,2.45999845E+00,-1.40695372E-02,1.04962988E-02,1.54266669E-03,-1.69174126E-04,9.43510859E-06,0.00000000E+00,100,539,580,3.13 ,1,4,,511(5),131,,,,,37/33,,356/326,,,,,,0.11,0.41,0.68,0.85,0.926,0.968,0.986,0.996,0.999,0.999,0.999,0.999,0.999,0.999,0.999,0.999,0.999,0.999,0.999,0.999,0.999,0.999,0.999,0.995,0.979,0.931,0.870,1,Y,TEST POT DATA
E-BAF3,583465,586462,1.57478 ,1.57683 ,1.57893 ,1.57952 ,1.58007 ,1.58256 ,1.58267 ,1.58565 ,1.59146 ,1.59220 ,1.59857 ,1.60461 ,46.48 ,46.19 ,36.64 ,0.012536 ,0.012680 ,0.003744 ,0.002978 ,0.015904 ,0.007112 ,0.003153 ,0.009527 ,0.2987 ,0.2376 ,0.5673 ,0.2487 ,0.2349 ,0.5029 ,0.0005 ,0.0009 ,2.43868193E+00,1.60996098E-03,2.68882943E-02,-2.44657917E-03,3.96566086E-04,-1.97304590E-05,0.00000000E+00,76,577,617,2.77 ,1,1,,521(5),97,,,,,39/35,,377/358,,,,,,,,0.08,0.45,0.76,0.901,0.958,0.984,0.999,0.999,0.999,0.999,0.999,0.999,0.999,0.999,0.999,0.999,0.999,0.999,0.999,0.989,0.999,0.988,0.977,0.900,0.86,1,Y,TEST POT DATA
E-BAF4,606438,609435,1.59704 ,1.59924 ,1.60151 ,1.60216 ,1.60277 ,1.60550 ,1.60562 ,1.60891 ,1.61535 ,1.61617 ,1.62326 ,1.63002 ,43.77 ,43.47 ,34.32 ,0.013837 ,0.014008 ,0.004105 ,0.003287 ,0.017644 ,0.007912 ,0.003460 ,0.010548 ,0.2967 ,0.2376 ,0.5718 ,0.2470 ,0.2347 ,0.5066 ,0.0012 ,0.0009 ,2.50495857E+00,3.32474118E-03,2.83142796E-02,-2.04413784E-03,3.34309924E-04,-1.53485779E-05,0.00000000E+00,75,593,638,2.89 ,2,1,,482(5),108,,,,,38/35,,375/348,,,,,,,,0.02,0.33,0.70,0.88,0.956,0.989,0.999,0.999,0.999,0.999,0.999,0.999,0.999,0.999,0.999,0.999,0.999,0.999,0.999,0.999,0.999,0.998,0.990,0.925,0.900,1,Y,TEST POT DATA
E-BAF8,624470,627468,1.61537 ,1.61756 ,1.61978 ,1.62040 ,1.62099 ,1.62362 ,1.62374 ,1.62689 ,1.63304 ,1.63381 ,1.64049 ,1.64681 ,47.04 ,46.76 ,37.23 ,0.013259 ,0.013406 ,0.003962 ,0.003153 ,0.016753 ,0.007456 ,0.003336 ,0.010070 ,0.2988 ,0.2378 ,0.5623 ,0.2488 ,0.2352 ,0.4985 ,-0.0035 ,-0.0031 ,2.58072694E+00,-8.26682499E-03,1.92773695E-02,2.87391647E-04,1.54399962E-05,4.63747358E-07,0.00000000E+00,80,590,640,3.14 ,1,2,,511(5),124,,,,,38/35,,371/346,,,,,,,,0.12,0.47,0.73,0.86,0.921,0.849,0.974,0.981,0.986,0.990,0.994,0.997,0.997,0.998,0.999,,,,,,,,,,,1,Y,TEST POT DATA
E-BAF10,670472,673470,1.66105 ,1.66341 ,1.66579 ,1.66646 ,1.66709 ,1.66990 ,1.67003 ,1.67340 ,1.67997 ,1.68080 ,1.68796 ,1.69473 ,47.24 ,46.95 ,37.37 ,0.014184 ,0.014342 ,0.004240 ,0.003372 ,0.017928 ,0.007984 ,0.003570 ,0.010772 ,0.2989 ,0.2377 ,0.5629 ,0.2489 ,0.2351 ,0.4990 ,-0.0026 ,-0.0022 ,2.72932262E+00,-1.06085219E-02,2.04478583E-02,4.84576944E-04,-3.06411426E-06,1.63981487E-06,0.00000000E+00,73,627,663,3.82 ,2,4,,503(5),148,,,,,39/34,,377/342,,,,,,,0.03,0.27,0.60,0.79,0.900,0.941,0.967,0.985,0.990,0.993,0.996,0.998,0.999,0.999,0.998,0.999,0.999,0.999,0.999,0.999,0.996,0.999,0.991,0.985,0.952,0.87,1,AY,TEST POT DATA
E-BAF11,667483,670480,1.65797 ,1.66027 ,1.66259 ,1.66324 ,1.66385 ,1.66660 ,1.66672 ,1.67000 ,1.67639 ,1.67719 ,1.68412 ,1.69067 ,48.32 ,48.03 ,38.31 ,0.013799 ,0.013949 ,0.004131 ,0.003282 ,0.017403 ,0.007735 ,0.003478 ,0.010471 ,0.2994 ,0.2378 ,0.5605 ,0.2493 ,0.2353 ,0.4970 ,-0.0031 ,-0.0028 ,2.71954649E+00,-1.00472501E-02,2.00301385E-02,4.65868302E-04,-7.51633336E-06,1.77544989E-06,0.00000000E+00,76,660,701,3.53 ,2,3,,546(5),136,,,,,39/34,,375/340,,,,,,,,,,,,,,,,,,,,,,,,,,,,,,,,,1,Y,TEST POT DATA
E-BAF12,639449,643446,1.63033 ,1.63268 ,1.63506 ,1.63573 ,1.63635 ,1.63917 ,1.63930 ,1.64268 ,1.64930 ,1.65014 ,1.65740 ,1.66433 ,44.88 ,44.60 ,35.33 ,0.014244 ,0.014410 ,0.004244 ,0.003383 ,0.018097 ,0.008097 ,0.003574 ,0.010836 ,0.2980 ,0.2375 ,0.5684 ,0.2480 ,0.2348 ,0.5039 ,-0.0011 ,-0.0007 ,2.62833748E+00,-1.00974072E-02,2.03176439E-02,3.75302287E-04,1.45983254E-05,1.37126433E-06,0.00000000E+00,80,592,635,3.22 ,1,2,,535(5),144,,,,,39/35,,376/350,,,,,,,,0.06,0.38,0.69,0.85,0.922,0.956,0.981,0.988,0.992,0.995,0.988,0.999,0.999,0.998,0.999,0.999,0.999,0.999,0.999,0.999,0.999,0.992,0.979,0.925,0.83,1,Y,TEST POT DATA
E-BASF2,664359,669356,1.65321 ,1.65607 ,1.65904 ,1.65988 ,1.66068 ,1.66430 ,1.66446 ,1.66885 ,1.67754 ,1.67865 ,1.68838 ,1.69786 ,35.91 ,35.65 ,27.78 ,0.018502 ,0.018762 ,0.005423 ,0.004386 ,0.023918 ,0.010839 ,0.004575 ,0.014187 ,0.2931 ,0.2371 ,0.5858 ,0.2438 ,0.2338 ,0.5187 ,0.0020 ,0.0017 ,2.67701358E+00,3.01170374E-03,3.31203760E-02,-9.25663558E-04,1.80536382E-04,-2.62215298E-06,0.00000000E+00,103,572,616,3.10 ,1,1,,503(5),175,,,,,41/36,,389/353,,,,,,,,,0.05,0.34,0.64,0.81,0.89,0.961,0.980,0.988,0.992,0.996,0.999,0.999,0.999,0.999,0.999,0.999,0.999,0.999,0.999,0.999,0.988,0.980,0.944,0.906,1,Y,TEST POT DATA
E-BASF6,668420,671417,1.65767 ,1.66023 ,1.66285 ,1.66359 ,1.66428 ,1.66741 ,1.66755 ,1.67133 ,1.67875 ,1.67969 ,1.68789 ,1.69574 ,41.96 ,41.67 ,32.82 ,0.015908 ,0.016109 ,0.004706 ,0.003775 ,0.020338 ,0.009136 ,0.003966 ,0.012143 ,0.2958 ,0.2373 ,0.5743 ,0.2462 ,0.2343 ,0.5087 ,0.0007 ,0.0004 ,2.71377616E+00,-9.41072521E-03,2.21914885E-02,7.35180213E-04,-2.11522864E-05,3.73099495E-06,0.00000000E+00,80,601,642,3.20 ,1,4,,510(5),128,,,,,40/35,,387/352,,,,,,,,,,,,,,,,,,,,,,,,,,,,,,,,,1,Y,TEST POT DATA
E-BASF7,702412,706409,1.69094 ,1.69370 ,1.69650 ,1.69729 ,1.69803 ,1.70139 ,1.70154 ,1.70559 ,1.71354 ,1.71455 ,1.72334 ,1.73190 ,41.17 ,40.89 ,32.18 ,0.017041 ,0.017256 ,0.005042 ,0.004047 ,0.021798 ,0.009799 ,0.004250 ,0.013006 ,0.2959 ,0.2375 ,0.5750 ,0.2463 ,0.2345 ,0.5095 ,-0.0003 ,-0.0003 ,2.83515039E+00,-1.78508143E-02,1.53978598E-02,3.71905515E-03,-4.88482182E-04,3.29017911E-05,0.00000000E+00,83,628,679,3.55 ,1,3,,517(5),148,,,,,41/35,,388/356,,,,,,,,0.03,0.23,0.51,0.71,0.83,0.902,0.964,0.984,0.993,0.999,0.999,0.999,0.999,0.999,0.999,0.999,0.999,0.999,0.999,0.997,0.999,0.992,0.988,0.962,0.88,1,Y,TEST POT DATA
E-BASF8,723379,728377,1.71167 ,1.71471 ,1.71781 ,1.71869 ,1.71952 ,1.72325 ,1.72342 ,1.72794 ,1.73688 ,1.73802 ,1.74800 ,1.75769 ,37.95 ,37.67 ,29.43 ,0.019063 ,0.019322 ,0.005606 ,0.004516 ,0.024580 ,0.011123 ,0.004726 ,0.014596 ,0.2941 ,0.2369 ,0.5835 ,0.2446 ,0.2337 ,0.5167 ,0.0031 ,0.0028 ,2.88848579E+00,-1.17260382E-02,2.69121453E-02,9.31846805E-04,-1.77180132E-05,5.63107499E-06,0.00000000E+00,86,634,682,3.58 ,1,3,,511(5),150,,,,,42/36,,394/360,,,,,,,,,0.11,0.37,0.62,0.77,0.87,0.949,0.976,0.987,0.995,0.999,0.999,0.999,0.999,0.999,0.999,0.999,0.999,0.999,0.999,0.999,0.999,0.988,0.961,0.88,1,Y,TEST POT DATA
E-SK2,607567,610565,1.60049 ,1.60232 ,1.60414 ,1.60466 ,1.60514 ,1.60728 ,1.60738 ,1.60993 ,1.61485 ,1.61546 ,1.62071 ,1.62559 ,56.75 ,56.45 ,45.58 ,0.010703 ,0.010804 ,0.003236 ,0.002552 ,0.013326 ,0.005859 ,0.002723 ,0.008081 ,0.3023 ,0.2384 ,0.5474 ,0.2520 ,0.2362 ,0.4855 ,-0.0013 ,-0.0017 ,2.54232970E+00,-1.00137205E-02,1.36627069E-02,8.28586571E-04,-8.59026849E-05,5.07949629E-06,0.00000000E+00,59,618,664,3.45 ,1,4,,466(5),110,,,,,35/30,,343/300,,0.01,0.07,0.22,0.44,0.63,0.78,0.87,0.933,0.967,0.982,0.992,0.998,0.999,0.999,0.999,0.999,0.999,0.999,0.999,0.998,0.999,0.999,0.999,0.999,0.999,0.996,0.999,0.986,0.976,0.908,0.79,1,Y,TEST POT DATA
E-SK4,613587,615585,1.60594 ,1.60775 ,1.60955 ,1.61005 ,1.61052 ,1.61262 ,1.61272 ,1.61520 ,1.61998 ,1.62058 ,1.62567 ,1.63039 ,58.73 ,58.46 ,47.31 ,0.010433 ,0.010524 ,0.003167 ,0.002487 ,0.012952 ,0.005686 ,0.002663 ,0.007861 ,0.3036 ,0.2384 ,0.5450 ,0.2530 ,0.2363 ,0.4838 ,-0.0007 ,-0.0008 ,2.55935739E+00,-1.01666557E-02,1.45878700E-02,3.65441070E-04,-1.59151229E-05,9.98614390E-07,0.00000000E+00,72,653,696,3.54 ,2,4,,598(6),144,,,,,36/31,,345/310,,0.01,0.07,0.20,0.35,0.53,0.72,0.86,0.940,0.983,0.999,0.999,0.999,0.999,0.999,0.999,0.999,0.999,0.999,0.999,0.999,0.999,0.999,0.999,0.999,0.999,0.999,0.999,0.999,0.989,0.944,0.848,1,Y,TEST POT DATA
E-SK5,589612,591609,1.58279 ,1.58450 ,1.58619 ,1.58666 ,1.58709 ,1.58904 ,1.58913 ,1.59143 ,1.59582 ,1.59636 ,1.60103 ,1.60535 ,61.16 ,60.92 ,49.52 ,0.009632 ,0.009708 ,0.002944 ,0.002297 ,0.011898 ,0.005210 ,0.002474 ,0.007234 ,0.3056 ,0.2385 ,0.5409 ,0.2548 ,0.2366 ,0.4804 ,-0.0017 ,-0.0008 ,2.48616859E+00,-9.62090414E-03,1.46866348E-02,-1.17877135E-04,4.43876615E-05,-2.05228288E-06,0.00000000E+00,69,613,655,3.20 ,2,4,,611(6),126,,86.7,34.6,0.252,35/30,,334/294,,0.02,0.14,0.36,0.58,0.75,0.86,0.918,0.957,0.972,0.985,0.988,0.992,0.993,0.994,0.995,0.996,0.997,0.999,0.999,0.998,0.999,,,,,,,,,,,1,Y,TEST POT DATA
E-SK10,623570,625568,1.61573 ,1.61761 ,1.61949 ,1.62001 ,1.62051 ,1.62270 ,1.62280 ,1.62540 ,1.63041 ,1.63103 ,1.63637 ,1.64133 ,57.03 ,56.76 ,45.89 ,0.010920 ,0.011018 ,0.003311 ,0.002603 ,0.013572 ,0.005963 ,0.002785 ,0.008233 ,0.3032 ,0.2384 ,0.5461 ,0.2528 ,0.2362 ,0.4846 ,-0.0029 ,-0.0026 ,2.58912326E+00,-1.00115186E-02,1.56165805E-02,3.28758605E-04,-9.84858579E-06,7.82877169E-07,0.00000000E+00,78,638,680,3.57 ,2,4,,547(5),167,,,,,35/31,,344/309,,,,,,,,,,,,,,,,,,,,,,,,,,,,,,,,,1,AY,TEST POT DATA
E-SK11,564607,566604,1.55774 ,1.55938 ,1.56100 ,1.56146 ,1.56188 ,1.56376 ,1.56384 ,1.56606 ,1.57029 ,1.57082 ,1.57532 ,1.57947 ,60.68 ,60.43 ,49.12 ,0.009292 ,0.009367 ,0.002836 ,0.002216 ,0.011479 ,0.005023 ,0.002384 ,0.006983 ,0.3052 ,0.2385 ,0.5406 ,0.2545 ,0.2366 ,0.4800 ,-0.0026 ,-0.0019 ,2.41034365E+00,-1.01286559E-02,1.26748412E-02,2.57347078E-04,-6.24279133E-06,3.35932224E-07,0.00000000E+00,76,564,622,2.98 ,2,3,,492(5),106,,,,,35/30,,336/300,0.02,0.13,0.34,0.58,0.76,0.87,0.934,0.968,0.985,0.991,0.993,0.998,0.998,0.998,0.996,0.997,0.999,0.999,0.999,0.999,0.998,0.999,,,,,,,,,,,1,Y,TEST POT DATA
E-SK14,603607,605604,1.59660 ,1.59835 ,1.60008 ,1.60056 ,1.60102 ,1.60302 ,1.60311 ,1.60548 ,1.61002 ,1.61059 ,1.61541 ,1.61987 ,60.67 ,60.41 ,49.05 ,0.009941 ,0.010023 ,0.003031 ,0.002371 ,0.012297 ,0.005387 ,0.002548 ,0.007475 ,0.3049 ,0.2385 ,0.5419 ,0.2542 ,0.2366 ,0.4811 ,-0.0010 ,-0.0007 ,2.53104523E+00,-1.07742896E-02,1.40100006E-02,2.47886041E-04,-1.08816440E-06,1.03415548E-07,0.00000000E+00,70,658,694,3.43 ,2,4,,574(6),126,,,,,35/31,,338/306,,0.03,0.16,0.38,0.59,0.75,0.85,0.917,0.953,0.973,0.984,0.988,0.993,0.995,0.995,0.996,0.998,0.999,0.999,0.999,0.999,0.999,,,,,,,,,,,1,Y,TEST POT DATA
E-SK15,623582,626580,1.61602 ,1.61789 ,1.61974 ,1.62026 ,1.62074 ,1.62289 ,1.62299 ,1.62554 ,1.63044 ,1.63105 ,1.63627 ,1.64112 ,58.23 ,57.96 ,46.91 ,0.010699 ,0.010793 ,0.003249 ,0.002551 ,0.013280 ,0.005830 ,0.002732 ,0.008061 ,0.3037 ,0.2384 ,0.5449 ,0.2531 ,0.2364 ,0.4836 ,-0.0019 ,-0.0018 ,2.59512882E+00,-1.33017463E-02,1.29505299E-02,9.46976976E-04,-9.28161846E-05,5.07474225E-06,0.00000000E+00,80,645,681,3.66 ,2,4,,471(5),156,,,,,36/32,,344/305,,,0.02,0.13,0.37,0.60,0.77,0.88,0.939,0.976,0.993,0.999,0.999,0.999,0.999,0.999,0.999,0.999,0.999,0.999,0.999,0.999,0.999,0.999,0.999,0.999,0.997,0.999,0.997,0.984,0.942,0.85,1,Y,TEST POT DATA
E-SK16,620603,623600,1.61369 ,1.61549 ,1.61728 ,1.61778 ,1.61824 ,1.62032 ,1.62041 ,1.62286 ,1.62757 ,1.62815 ,1.63315 ,1.63778 ,60.29 ,60.03 ,48.70 ,0.010291 ,0.010376 ,0.003134 ,0.002454 ,0.012739 ,0.005582 ,0.002634 ,0.007742 ,0.3045 ,0.2385 ,0.5424 ,0.2539 ,0.2365 ,0.4816 ,-0.0009 ,-0.0008 ,2.58572188E+00,-1.14561541E-02,1.40913669E-02,4.39966701E-04,-2.67679001E-05,1.51331053E-06,0.00000000E+00,76,651,688,3.60 ,,,,,,,,,,35/31,,346/312,,0.02,0.10,0.26,0.47,0.66,0.79,0.88,0.940,0.971,0.991,0.999,0.999,0.999,0.999,0.999,0.999,0.999,0.999,0.999,0.999,0.999,0.999,0.999,0.999,0.999,0.999,0.999,0.999,0.981,0.920,0.80,1,Y,TEST POT DATA
E-SK18,639555,641552,1.63107 ,1.63308 ,1.63506 ,1.63561 ,1.63613 ,1.63844 ,1.63854 ,1.64128 ,1.64657 ,1.64723 ,1.65289 ,1.65818 ,55.48 ,55.20 ,44.49 ,0.011509 ,0.011617 ,0.003479 ,0.002741 ,0.014351 ,0.006321 ,0.002926 ,0.008691 ,0.3023 ,0.2382 ,0.5492 ,0.2519 ,0.2359 ,0.4872 ,-0.0021 ,-0.0021 ,2.65253732E+00,-2.07076891E-02,8.23565189E-03,2.59890034E-03,-3.02723240E-04,1.59196700E-05,0.00000000E+00,81,647,684,3.67 ,3,5,,488(5),165,,,,,38/34,,364/332,,,,,,,,,,,,,,,,,,,,,,,,,,,,,,,,,1,Y,TEST POT DATA
E-SSK2,622531,625528,1.61479 ,1.61678 ,1.61877 ,1.61933 ,1.61985 ,1.62220 ,1.62230 ,1.62509 ,1.63050 ,1.63118 ,1.63699 ,1.64243 ,53.06 ,52.76 ,42.36 ,0.011729 ,0.011847 ,0.003528 ,0.002793 ,0.014692 ,0.006491 ,0.002969 ,0.008878 ,0.3008 ,0.2381 ,0.5534 ,0.2506 ,0.2358 ,0.4908 ,-0.0016 ,-0.0019 ,2.59124283E+00,-1.42720620E-02,1.23965569E-02,1.53774031E-03,-1.59274472E-04,8.55211131E-06,0.00000000E+00,89,593,646,3.45 ,2,4,,437(4),195,,,,,37/33,,353/332,,,,,,0.05,0.34,0.65,0.82,0.910,0.949,0.970,0.980,0.988,0.990,0.992,0.993,0.995,0.995,0.994,0.995,0.995,0.999,0.999,0.999,0.999,0.999,0.997,0.986,0.976,0.933,0.83,1,Y,TEST POT DATA
E-SSK5,658509,662506,1.65019 ,1.65237 ,1.65455 ,1.65517 ,1.65575 ,1.65833 ,1.65844 ,1.66152 ,1.66749 ,1.66824 ,1.67469 ,1.68074 ,50.89 ,50.61 ,40.52 ,0.012938 ,0.013072 ,0.003886 ,0.003080 ,0.016249 ,0.007197 ,0.003271 ,0.009801 ,0.3004 ,0.2381 ,0.5563 ,0.2502 ,0.2356 ,0.4933 ,-0.0029 ,-0.0027 ,2.69603796E+00,-1.00729839E-02,1.88657945E-02,3.68038490E-04,4.06084448E-06,4.57460676E-07,0.00000000E+00,82,642,679,3.82 ,1,3,,521(5),184,,,,,38/34,,366/331,,,,,,,0.08,0.37,0.66,0.83,0.911,0.951,0.972,0.988,0.992,0.995,0.998,0.999,0.999,0.999,0.999,0.999,0.999,0.999,0.999,0.999,0.999,0.999,0.990,0.981,0.941,0.850,1,Y,TEST POT DATA
E-SSK8,618498,621495,1.60983 ,1.61191 ,1.61400 ,1.61459 ,1.61514 ,1.61761 ,1.61772 ,1.62067 ,1.62641 ,1.62713 ,1.63336 ,1.63926 ,49.78 ,49.49 ,39.49 ,0.012410 ,0.012542 ,0.003719 ,0.002952 ,0.015641 ,0.006950 ,0.003130 ,0.009412 ,0.2997 ,0.2379 ,0.5600 ,0.2496 ,0.2354 ,0.4967 ,-0.0008 ,-0.0008 ,2.57047824E+00,-1.19686463E-02,1.49712411E-02,1.12845548E-03,-1.10413826E-04,7.39815032E-06,0.00000000E+00,94,591,642,3.22 ,3,4,,483(5),184,,,,,39/34,,375/341,,,,,,,0.03,0.25,0.57,0.77,0.88,0.932,0.961,0.982,0.987,0.990,0.994,0.996,0.998,0.996,0.993,0.996,0.999,0.999,0.999,0.999,0.999,0.996,0.984,0.971,0.930,0.87,1,Y,TEST POT DATA
E-LLF1,548458,551455,1.54058 ,1.54257 ,1.54457 ,1.54514 ,1.54566 ,1.54804 ,1.54814 ,1.55098 ,1.55654 ,1.55725 ,1.56335 ,1.56918 ,45.79 ,45.50 ,36.05 ,0.011971 ,0.012111 ,0.003569 ,0.002843 ,0.015207 ,0.006805 ,0.003006 ,0.009105 ,0.2981 ,0.2375 ,0.5685 ,0.2482 ,0.2347 ,0.5038 ,0.0007 ,0.0010 ,2.35111949E+00,-9.04795254E-03,1.55546832E-02,4.49505996E-04,-1.02073128E-05,2.34494030E-06,0.00000000E+00,78,543,607,2.52 ,2,1,,467(5),126,,,,,37/34,,365/342,,,,,,,,0.16,0.58,0.83,0.926,0.966,0.981,0.989,0.991,0.992,0.994,0.995,0.996,0.997,0.994,0.993,0.993,0.999,0.999,0.999,0.994,0.994,0.988,0.982,0.919,0.902,1,Y,TEST POT DATA
E-LLF2,541472,543469,1.53349 ,1.53537 ,1.53729 ,1.53783 ,1.53834 ,1.54062 ,1.54072 ,1.54344 ,1.54874 ,1.54941 ,1.55521 ,1.56069 ,47.22 ,46.94 ,37.32 ,0.011450 ,0.011577 ,0.003430 ,0.002720 ,0.014490 ,0.006470 ,0.002888 ,0.008689 ,0.2996 ,0.2376 ,0.5651 ,0.2495 ,0.2349 ,0.5011 ,-0.0011 ,0.0000 ,2.31105643E+00,3.59211226E-03,2.63534925E-02,-2.86181740E-03,4.42961085E-04,-2.22792621E-05,0.00000000E+00,81,536,597,2.52 ,2,1,,473(5),126,,,,,37/34,,368/340,,,,,,,,,,,,,,,,,,,,,,,,,,,,,,,,,1,Y,TEST POT DATA
E-LLF6,532489,534486,1.52479 ,1.52662 ,1.52846 ,1.52897 ,1.52946 ,1.53162 ,1.53172 ,1.53430 ,1.53934 ,1.53997 ,1.54547 ,1.55069 ,48.87 ,48.57 ,38.67 ,0.010881 ,0.011000 ,0.003260 ,0.002586 ,0.013752 ,0.006131 ,0.002744 ,0.008256 ,0.2996 ,0.2377 ,0.5635 ,0.2495 ,0.2351 ,0.4996 ,0.0007 ,0.0011 ,2.30466000E+00,-8.64131348E-03,1.45944618E-02,2.06597874E-04,1.88931616E-05,1.82626789E-07,0.00000000E+00,81,529,590,2.51 ,,,,539(5),117,,,,,37/34,,363/339,,,,,,,0.09,0.50,0.80,0.921,0.963,0.982,0.989,0.993,0.993,0.994,0.995,0.997,0.999,0.999,0.999,0.999,0.999,0.999,0.999,0.999,0.999,0.999,0.991,0.984,0.932,0.921,1,Y,TEST POT DATA
E-LF5,581407,585405,1.57254 ,1.57486 ,1.57722 ,1.57788 ,1.57850 ,1.58131 ,1.58144 ,1.58482 ,1.59149 ,1.59233 ,1.59973 ,1.60687 ,40.74 ,40.46 ,31.79 ,0.014273 ,0.014453 ,0.004224 ,0.003384 ,0.018290 ,0.008241 ,0.003558 ,0.010895 ,0.2959 ,0.2371 ,0.5774 ,0.2462 ,0.2341 ,0.5117 ,0.0010 ,0.0014 ,2.44577168E+00,-1.00665627E-02,1.84371468E-02,6.44165105E-04,-1.74180822E-05,3.77641526E-06,0.00000000E+00,86,541,598,2.58 ,2,1,,503(5),125,,,,,38/35,,377/352,,,,,,,,0.01,0.27,0.66,0.87,0.949,0.982,0.999,0.999,0.999,0.999,0.999,0.999,0.999,0.999,0.999,0.999,0.999,0.999,0.999,0.999,0.999,0.992,0.983,0.920,0.900,1,Y,TEST POT DATA
E-LF6,567427,570424,1.55910 ,1.56121 ,1.56339 ,1.56400 ,1.56458 ,1.56720 ,1.56732 ,1.57048 ,1.57667 ,1.57746 ,1.58425 ,1.59077 ,42.70 ,42.41 ,33.50 ,0.013286 ,0.013452 ,0.003933 ,0.003159 ,0.016935 ,0.007582 ,0.003316 ,0.010136 ,0.2960 ,0.2378 ,0.5707 ,0.2465 ,0.2348 ,0.5054 ,-0.0016 ,-0.0020 ,2.40261610E+00,-5.31026402E-03,1.70623068E-02,9.92586995E-04,-1.10715814E-04,9.21295404E-06,0.00000000E+00,80,557,609,2.54 ,2,1,,480(5),115,,,,,38/35,,372/349,,,,,,,,,,,,,,,,,,,,,,,,,,,,,,,,,1,Y,TEST POT DATA
E-LF7,575415,578412,1.56635 ,1.56861 ,1.57090 ,1.57155 ,1.57215 ,1.57488 ,1.57501 ,1.57829 ,1.58476 ,1.58558 ,1.59275 ,1.59966 ,41.48 ,41.20 ,32.41 ,0.013862 ,0.014037 ,0.004105 ,0.003287 ,0.017744 ,0.007987 ,0.003459 ,0.010578 ,0.2961 ,0.2371 ,0.5762 ,0.2464 ,0.2342 ,0.5105 ,0.0012 ,0.0014 ,2.42793483E+00,-1.01841542E-02,1.73771900E-02,7.82340309E-04,-4.23035005E-05,5.02350788E-06,0.00000000E+00,78,543,592,2.54 ,2,1,,456(5),115,,,,,38/35,,371/350,,,,,,,,,,,,,,,,,,,,,,,,,,,,,,,,,1,Y,TEST POT DATA
F2,620363,624361,1.60960 ,1.61227 ,1.61503 ,1.61581 ,1.61655 ,1.61989 ,1.62004 ,1.62409 ,1.63210 ,1.63312 ,1.64205 ,1.65070 ,36.33 ,36.07 ,28.17 ,0.017066 ,0.017302 ,0.005011 ,0.004046 ,0.022012 ,0.009957 ,0.004226 ,0.013076 ,0.2936 ,0.2371 ,0.5834 ,0.2442 ,0.2338 ,0.5165 ,0.0000 ,0.0000 ,2.54500231E+00,-1.33739584E-03,2.80115116E-02,-5.41702056E-04,1.50175374E-04,-3.61707105E-06,0.00000000E+00,96,436,477,3.61 ,2,2,1,413(4),174,,,,,36/32,,345/322,,,,,0.01,0.30,0.71,0.900,0.945,0.970,0.980,0.988,0.991,0.995,0.996,0.999,0.999,0.999,0.999,0.999,0.999,0.999,,,,,,,,,,,1,Y,
F5,603381,607378,1.59354 ,1.59615 ,1.59875 ,1.59949 ,1.60018 ,1.60328 ,1.60342 ,1.60717 ,1.61459 ,1.61553 ,1.62376 ,1.63172 ,38.11 ,37.85 ,29.66 ,0.015834 ,0.016042 ,0.004667 ,0.003751 ,0.020345 ,0.009178 ,0.003932 ,0.012110 ,0.2947 ,0.2369 ,0.5796 ,0.2451 ,0.2338 ,0.5133 ,-0.0011 ,-0.0008 ,2.52772484E+00,-2.38190802E-02,1.02050370E-02,3.48057562E-03,-3.60361530E-04,2.05731116E-05,0.00000000E+00,96,435,474,3.45 ,2,1,1,386(4),167,,,,,35/32,,341/318,,,,,0.11,0.55,0.83,0.936,0.966,0.981,0.985,0.990,0.995,0.996,0.997,0.998,0.999,0.999,0.999,0.999,0.999,0.999,,,,,,,,,,,1,Y,
E-F1,626356,630354,1.61512 ,1.61789 ,1.62073 ,1.62154 ,1.62230 ,1.62573 ,1.62588 ,1.63004 ,1.63828 ,1.63934 ,1.64856 ,1.65748 ,35.65 ,35.39 ,27.60 ,0.017557 ,0.017801 ,0.005154 ,0.004158 ,0.022675 ,0.010272 ,0.004346 ,0.013455 ,0.2936 ,0.2368 ,0.5851 ,0.2441 ,0.2336 ,0.5179 ,0.0003 ,0.0006 ,2.56251919E+00,-3.14623487E-03,2.91600242E-02,-8.70730012E-04,2.26533195E-04,-8.61239946E-06,0.00000000E+00,83,598,634,2.72 ,1,1,,476(5),105,,,,,39/36,,383/359,,,,,,,,,,,,,,,,,,,,,,,,,,,,,,,,,1,Y,TEST POT DATA
E-F2,620363,624360,1.60953 ,1.61225 ,1.61502 ,1.61581 ,1.61655 ,1.61989 ,1.62004 ,1.62409 ,1.63213 ,1.63315 ,1.64218 ,1.65100 ,36.26 ,35.99 ,28.01 ,0.017100 ,0.017340 ,0.005016 ,0.004048 ,0.022138 ,0.010054 ,0.004229 ,0.013111 ,0.2933 ,0.2367 ,0.5880 ,0.2439 ,0.2334 ,0.5206 ,0.0047 ,0.0045 ,2.55739282E+00,-1.07951229E-02,2.16807328E-02,1.05165979E-03,-5.36309816E-05,7.74663260E-06,0.00000000E+00,79,600,640,2.69 ,2,1,,531(5),110,,83.3,34,0.225,40/36,,384/359,,,,,,,,,0.05,0.37,0.70,0.86,0.932,0.979,0.988,0.991,0.995,0.999,0.999,0.999,0.998,0.999,0.999,0.999,0.999,0.999,0.999,0.999,0.990,0.979,0.917,0.907,1,Y,TEST POT DATA
E-F3,613370,617367,1.60274 ,1.60536 ,1.60805 ,1.60882 ,1.60954 ,1.61278 ,1.61293 ,1.61686 ,1.62462 ,1.62561 ,1.63426 ,1.64259 ,37.00 ,36.74 ,28.73 ,0.016567 ,0.016791 ,0.004875 ,0.003926 ,0.021333 ,0.009641 ,0.004110 ,0.012681 ,0.2943 ,0.2370 ,0.5819 ,0.2448 ,0.2338 ,0.5153 ,-0.0007 ,-0.0004 ,2.52228312E+00,-1.04823034E-03,2.93957650E-02,-1.39163033E-03,2.89680505E-04,-1.26508887E-05,0.00000000E+00,83,598,637,2.67 ,1,1,,482(5),107,,,,,39/36,,380/353,,,,,,,,,,,,,,,,,,,,,,,,,,,,,,,,,1,Y,TEST POT DATA
E-F5,603380,607377,1.59360 ,1.59615 ,1.59875 ,1.59948 ,1.60017 ,1.60328 ,1.60342 ,1.60718 ,1.61462 ,1.61557 ,1.62388 ,1.63196 ,38.01 ,37.74 ,29.50 ,0.015874 ,0.016088 ,0.004674 ,0.003760 ,0.020458 ,0.009258 ,0.003940 ,0.012148 ,0.2944 ,0.2369 ,0.5832 ,0.2449 ,0.2337 ,0.5165 ,0.0026 ,0.0026 ,2.50863619E+00,-1.01869365E-02,2.04516474E-02,8.41069518E-04,-3.63565381E-05,5.99712664E-06,0.00000000E+00,90,594,622,2.65 ,2,1,,635(6),113,,,,,39/36,,378/357,,,,,,,,,0.13,0.53,0.80,0.914,0.965,0.994,0.999,0.999,0.999,0.999,0.999,0.999,0.998,0.999,0.999,0.999,0.999,0.999,0.999,0.999,0.985,0.972,0.911,0.900,1,Y,TEST POT DATA
E-F8,596392,599390,1.58609 ,1.58852 ,1.59102 ,1.59172 ,1.59239 ,1.59538 ,1.59551 ,1.59911 ,1.60620 ,1.60710 ,1.61498 ,1.62254 ,39.22 ,38.95 ,30.59 ,0.015185 ,0.015380 ,0.004492 ,0.003601 ,0.019466 ,0.008773 ,0.003785 ,0.011595 ,0.2958 ,0.2371 ,0.5777 ,0.2461 ,0.2341 ,0.5118 ,-0.0017 ,-0.0009 ,2.47286461E+00,-1.51192688E-03,2.76004612E-02,-1.52550371E-03,2.90711488E-04,-1.28484326E-05,0.00000000E+00,94,583,621,2.63 ,2,1,,483(5),112,,,,,38/35,,378/351,,,,,,,,0.01,0.27,0.64,0.83,0.918,0.954,0.979,0.986,0.989,0.993,0.995,0.998,0.999,0.997,0.999,0.999,0.999,0.999,0.999,0.999,0.999,0.982,0.968,0.913,0.900,1,Y,TEST POT DATA
SF5,673322,678319,1.65994 ,1.66325 ,1.66661 ,1.66756 ,1.66846 ,1.67252 ,1.67270 ,1.67765 ,1.68753 ,1.68879 ,1.69991 ,1.71076 ,32.15 ,31.92 ,24.72 ,0.020921 ,0.021232 ,0.006092 ,0.004948 ,0.027209 ,0.012380 ,0.005138 ,0.016094 ,0.2912 ,0.2365 ,0.5917 ,0.2420 ,0.2330 ,0.5235 ,0.0019 ,0.0013 ,2.73599051E+00,-2.72414957E-02,1.39469595E-02,4.88372822E-03,-4.99741390E-04,2.99608896E-05,0.00000000E+00,88,441,480,4.09 ,2,2,3,373(4),179,,,,,38/34,,364/334,,,,,,,0.15,0.55,0.81,0.909,0.958,0.983,0.998,0.999,0.999,0.999,0.999,0.999,0.999,0.999,0.999,0.999,0.998,0.999,0.999,0.999,0.999,0.999,0.999,0.990,0.964,0.951,1,Y,
SF8,689311,694309,1.67543 ,1.67895 ,1.68250 ,1.68351 ,1.68445 ,1.68874 ,1.68893 ,1.69416 ,1.70462 ,1.70596 ,1.71775 ,1.72931 ,31.15 ,30.92 ,23.91 ,0.022120 ,0.022454 ,0.006430 ,0.005229 ,0.028820 ,0.013130 ,0.005424 ,0.017030 ,0.2907 ,0.2364 ,0.5936 ,0.2416 ,0.2329 ,0.5251 ,0.0021 ,0.0015 ,2.79885778E+00,-3.71809306E-02,7.63019059E-03,7.23169098E-03,-8.07384722E-04,4.69666667E-05,0.00000000E+00,93,429,470,4.22 ,2,2,3,387(4),185,,,,,38/34,,361/335,,,,,,,0.11,0.51,0.79,0.908,0.955,0.980,0.993,0.999,0.999,0.999,0.999,0.999,0.999,0.999,0.999,0.999,0.998,0.999,0.999,0.999,0.999,0.999,0.995,0.992,0.970,0.962,1,Y,
SF13,741276,747274,1.72492 ,1.72891 ,1.73307 ,1.73426 ,1.73539 ,1.74054 ,1.74077 ,1.74710 ,1.75986 ,1.76151 ,1.77614 ,1.79076 ,27.65 ,27.42 ,20.95 ,0.026796 ,0.027247 ,0.007703 ,0.006329 ,0.035365 ,0.016272 ,0.006508 ,0.020739 ,0.2875 ,0.2362 ,0.6073 ,0.2389 ,0.2323 ,0.5368 ,0.0115 ,0.0093 ,2.92262988E+00,-1.15001781E-02,2.87583512E-02,4.47285534E-03,-4.97300597E-04,4.08937236E-05,0.00000000E+00,81,471,509,4.37 ,2,1,1,395(4),184,,,,,42/38,,402/374,,,,,,,,,,,0.09,0.41,0.71,0.942,0.992,0.999,0.999,0.999,0.999,0.999,0.999,0.999,0.999,0.999,0.999,0.999,0.999,0.999,0.995,0.987,0.958,0.946,1,Y,
SF03,847239,855237,1.82581 ,1.83106 ,1.83653 ,1.83810 ,1.83958 ,1.84635 ,1.84666 ,1.85501 ,1.87198 ,1.87418 ,1.89382 ,1.91352 ,23.88 ,23.70 ,17.95 ,0.035449 ,0.036079 ,0.010128 ,0.008353 ,0.047162 ,0.021841 ,0.008558 ,0.027521 ,0.2857 ,0.2356 ,0.6161 ,0.2372 ,0.2315 ,0.5444 ,0.0141 ,0.0118 ,3.26133538E+00,-1.83279183E-02,4.15516996E-02,4.94908982E-03,-3.88454792E-04,3.83701444E-05,0.00000000E+00,92,419,451,5.52 ,5,4,5b,325(3),299,,,,,44/37,40/37,393/363,,,,,,,,,0.01,0.22,0.56,0.76,0.86,0.945,0.973,0.985,0.991,0.996,0.999,0.999,0.999,0.999,0.999,0.999,0.999,0.999,0.999,0.999,0.983,0.980,0.961,0.940,1,Y,
E-SF1,717295,723293,1.70276 ,1.70649 ,1.71033 ,1.71143 ,1.71246 ,1.71715 ,1.71736 ,1.72310 ,1.73463 ,1.73612 ,1.74933 ,1.76247 ,29.52 ,29.29 ,22.44 ,0.024299 ,0.024690 ,0.007029 ,0.005735 ,0.031968 ,0.014698 ,0.005933 ,0.018757 ,0.2893 ,0.2360 ,0.6049 ,0.2403 ,0.2323 ,0.5351 ,0.0113 ,0.0101 ,2.84827856E+00,-1.22548479E-02,3.16736954E-02,1.70745362E-03,-7.33008941E-05,1.41012815E-05,0.00000000E+00,97,581,617,3.07 ,2,1,1,595(6),138,,,,,41/36,,392/363,,,,,,,,,,0.14,0.50,0.74,0.87,0.963,0.989,0.998,0.999,0.999,0.999,0.999,0.996,0.999,0.999,0.999,0.999,0.999,0.999,0.999,0.986,0.974,0.917,0.87,1,Y,TEST POT DATA
E-SF2,648338,652335,1.63599 ,1.63901 ,1.64209 ,1.64297 ,1.64379 ,1.64752 ,1.64769 ,1.65222 ,1.66126 ,1.66242 ,1.67265 ,1.68269 ,33.80 ,33.54 ,25.95 ,0.019162 ,0.019445 ,0.005594 ,0.004529 ,0.024959 ,0.011391 ,0.004718 ,0.014727 ,0.2919 ,0.2364 ,0.5945 ,0.2426 ,0.2329 ,0.5262 ,0.0073 ,0.0069 ,2.63429594E+00,-9.20840209E-03,2.74266023E-02,2.25441472E-04,9.97644221E-05,1.76259116E-08,0.00000000E+00,84,581,624,2.77 ,2,1,1,602(6),126,,,,,40/36,,385/360,,,,,,,,,0.03,0.32,0.67,0.84,0.920,0.968,0.980,0.985,0.988,0.992,0.997,0.998,0.996,0.999,0.999,0.999,0.999,0.999,0.994,0.998,0.986,0.975,0.906,0.88,1,Y,TEST POT DATA
E-SF4,755275,762273,1.73883 ,1.74299 ,1.74730 ,1.74853 ,1.74968 ,1.75496 ,1.75520 ,1.76167 ,1.77475 ,1.77644 ,1.79150 ,1.80656 ,27.51 ,27.29 ,20.80 ,0.027452 ,0.027912 ,0.007904 ,0.006473 ,0.036301 ,0.016753 ,0.006673 ,0.021239 ,0.2879 ,0.2358 ,0.6103 ,0.2391 ,0.2319 ,0.5396 ,0.0138 ,0.0121 ,2.96469762E+00,-1.28650713E-02,3.57299793E-02,2.16572877E-03,-1.02243404E-04,1.82439835E-05,0.00000000E+00,102,582,622,3.17 ,2,1,1,575(6),200,,92.6,36.8,0.258,42/37,,398/368,,,,,,,,,,0.09,0.40,0.67,0.83,0.951,0.986,0.997,0.999,0.999,0.999,0.999,0.999,0.999,0.999,0.999,0.999,0.999,0.999,0.999,0.999,0.988,0.955,0.915,1,Y,TEST POT DATA
E-SF5,673321,678319,1.66000 ,1.66326 ,1.66661 ,1.66756 ,1.66846 ,1.67252 ,1.67270 ,1.67765 ,1.68756 ,1.68883 ,1.70011 ,1.71126 ,32.11 ,31.86 ,24.54 ,0.020952 ,0.021272 ,0.006093 ,0.004949 ,0.027409 ,0.012550 ,0.005140 ,0.016132 ,0.2908 ,0.2362 ,0.5990 ,0.2416 ,0.2327 ,0.5301 ,0.0094 ,0.0085 ,2.71201742E+00,-1.11228641E-02,2.76913413E-02,1.13193687E-03,-2.42250640E-05,8.91515336E-06,0.00000000E+00,90,585,621,2.89 ,2,1,1,612(6),136,,,,,40/36,,390/362,,,,,,,,,0.01,0.20,0.55,0.78,0.89,0.960,0.979,0.985,0.992,0.996,0.999,0.999,0.999,0.999,,,,,,,,,,,1,Y,TEST POT DATA
E-SF6,805254,813252,1.78643 ,1.79118 ,1.79611 ,1.79752 ,1.79885 ,1.80491 ,1.80518 ,1.81264 ,1.82777 ,1.82973 ,1.84729 ,1.86494 ,25.43 ,25.23 ,19.12 ,0.031662 ,0.032216 ,0.009075 ,0.007457 ,0.042107 ,0.019520 ,0.007665 ,0.024551 ,0.2866 ,0.2355 ,0.6165 ,0.2379 ,0.2315 ,0.5449 ,0.0169 ,0.0148 ,3.11783700E+00,-1.19410737E-02,4.43602265E-02,1.81348056E-03,4.69669929E-06,1.61754136E-05,0.00000000E+00,106,571,611,3.34 ,2,1,1,482(5),182,,,,,44/37,,397/368,,,,,,,,,0.01,0.19,0.49,0.69,0.82,0.923,0.962,0.983,0.993,0.997,0.999,0.999,0.999,0.999,0.999,0.999,0.999,0.999,0.999,0.999,0.995,0.980,0.941,0.88,1,Y,TEST POT DATA
E-SF7,640346,644343,1.62852 ,1.63141 ,1.63439 ,1.63523 ,1.63603 ,1.63964 ,1.63980 ,1.64418 ,1.65290 ,1.65401 ,1.66379 ,1.67326 ,34.56 ,34.31 ,26.67 ,0.018511 ,0.018777 ,0.005414 ,0.004381 ,0.023992 ,0.010895 ,0.004566 ,0.014211 ,0.2925 ,0.2367 ,0.5886 ,0.2432 ,0.2333 ,0.5209 ,0.0025 ,0.0022 ,2.60224509E+00,-2.28272809E-03,3.13239043E-02,-1.10981516E-03,2.84472430E-04,-1.20544670E-05,0.00000000E+00,86,589,626,2.77 ,1,1,,498(5),109,,,,,39/36,,385/360,,,,,,,,,0.03,0.33,0.67,0.84,0.916,0.964,0.975,0.981,0.986,0.990,0.995,0.995,0.992,0.993,0.996,0.999,0.999,0.999,0.988,0.997,0.988,0.975,0.906,0.88,1,Y,TEST POT DATA
E-SF8,689311,694308,1.67553 ,1.67896 ,1.68249 ,1.68350 ,1.68444 ,1.68874 ,1.68893 ,1.69417 ,1.70467 ,1.70602 ,1.71797 ,1.72981 ,31.07 ,30.83 ,23.72 ,0.022173 ,0.022517 ,0.006439 ,0.005238 ,0.029039 ,0.013305 ,0.005433 ,0.017084 ,0.2904 ,0.2362 ,0.6001 ,0.2413 ,0.2326 ,0.5309 ,0.0087 ,0.0079 ,2.76155381E+00,-1.16348386E-02,2.86355735E-02,1.55293137E-03,-7.94510589E-05,1.28609539E-05,0.00000000E+00,91,579,622,2.93 ,2,1,1,566(6),164,,88.2,35.5,0.244,41/37,,391/362,,,,,,,,,0.01,0.20,0.58,0.81,0.915,0.985,0.999,0.999,0.999,0.999,0.999,0.999,0.999,0.999,0.999,0.999,0.999,0.999,0.999,0.999,0.991,0.979,0.911,0.86,1,Y,TEST POT DATA
E-SF10,728285,734282,1.71292 ,1.71683 ,1.72086 ,1.72201 ,1.72310 ,1.72803 ,1.72825 ,1.73429 ,1.74645 ,1.74802 ,1.76200 ,1.77595 ,28.46 ,28.23 ,21.58 ,0.025589 ,0.026009 ,0.007387 ,0.006036 ,0.033750 ,0.015548 ,0.006236 ,0.019773 ,0.2887 ,0.2359 ,0.6076 ,0.2398 ,0.2321 ,0.5374 ,0.0124 ,0.0110 ,2.87968193E+00,-1.23038115E-02,3.34430250E-02,1.83471163E-03,-8.12508073E-05,1.59440837E-05,0.00000000E+00,96,592,632,3.07 ,1,1,,555(6),160,,,,,42/37,,399/369,,,,,,,,,,0.11,0.44,0.70,0.84,0.942,0.976,0.989,0.999,0.999,0.999,0.999,0.999,0.999,0.999,0.999,0.999,0.999,0.999,0.999,0.990,0.983,0.945,0.909,1,Y,TEST POT DATA
E-SF11,785257,792255,1.76663 ,1.77121 ,1.77596 ,1.77732 ,1.77861 ,1.78446 ,1.78472 ,1.79192 ,1.80652 ,1.80842 ,1.82534 ,1.84239 ,25.68 ,25.47 ,19.32 ,0.030559 ,0.031091 ,0.008760 ,0.007199 ,0.040619 ,0.018820 ,0.007399 ,0.023692 ,0.2867 ,0.2356 ,0.6159 ,0.2380 ,0.2315 ,0.5444 ,0.0167 ,0.0146 ,3.05654935E+00,-1.43159709E-02,3.81593027E-02,3.15675913E-03,-2.23523385E-04,2.90021069E-05,0.00000000E+00,100,584,625,3.22 ,2,1,,527(5),172,,,,,44/37,,400/369,,,,,,,,,0.01,0.07,0.39,0.65,0.80,0.916,0.954,0.970,0.981,0.990,0.999,0.999,0.999,0.999,,,,,,,,,,,1,Y,TEST POT DATA
E-SF13,741278,747276,1.72485 ,1.72890 ,1.73309 ,1.73428 ,1.73541 ,1.74054 ,1.74077 ,1.74706 ,1.75975 ,1.76139 ,1.77599 ,1.79059 ,27.79 ,27.56 ,21.03 ,0.026661 ,0.027105 ,0.007682 ,0.006288 ,0.035222 ,0.016243 ,0.006486 ,0.020619 ,0.2881 ,0.2359 ,0.6092 ,0.2393 ,0.2320 ,0.5388 ,0.0131 ,0.0115 ,2.92006212E+00,-1.34436038E-02,3.33556844E-02,2.46092959E-03,-1.60492168E-04,2.11511846E-05,0.00000000E+00,91,605,648,3.13 ,1,1,,555(6),160,,,,,43/37,,400/369,,,,,,,,,,0.05,0.35,0.63,0.80,0.926,0.965,0.980,0.990,0.996,0.999,0.999,0.998,0.999,0.999,0.999,0.999,0.999,0.999,0.999,0.989,0.984,0.954,0.934,1,Y,TEST POT DATA
E-SF14,762266,769263,1.74479 ,1.74910 ,1.75358 ,1.75486 ,1.75607 ,1.76157 ,1.76182 ,1.76858 ,1.78226 ,1.78404 ,1.79982 ,1.81565 ,26.56 ,26.34 ,20.05 ,0.028687 ,0.029176 ,0.008242 ,0.006764 ,0.038001 ,0.017556 ,0.006961 ,0.022215 ,0.2873 ,0.2358 ,0.6120 ,0.2386 ,0.2318 ,0.5411 ,0.0141 ,0.0122 ,2.98384614E+00,-1.28995609E-02,3.56396640E-02,2.96907641E-03,-2.22699050E-04,2.67423649E-05,0.00000000E+00,94,595,630,3.16 ,1,1,,548(5),167,,,,,43/37,,397/365,,,,,,,,,,0.08,0.41,0.66,0.80,0.907,0.943,0.959,0.971,0.982,0.999,0.996,0.991,0.999,0.999,0.999,0.999,0.999,0.997,0.993,0.978,0.970,0.926,0.89,1,Y,TEST POT DATA
E-SF15,699301,704299,1.68496 ,1.68854 ,1.69222 ,1.69327 ,1.69426 ,1.69875 ,1.69895 ,1.70442 ,1.71542 ,1.71684 ,1.72941 ,1.74189 ,30.13 ,29.89 ,22.94 ,0.023199 ,0.023566 ,0.006724 ,0.005476 ,0.030463 ,0.013988 ,0.005674 ,0.017892 ,0.2898 ,0.2360 ,0.6030 ,0.2408 ,0.2324 ,0.5334 ,0.0101 ,0.0092 ,2.79031580E+00,-1.18464509E-02,3.05751341E-02,1.41030608E-03,-4.15895631E-05,1.14740935E-05,0.00000000E+00,91,584,627,2.97 ,2,1,,580(6),126,,,,,42/37,,395/368,,,,,,,,,,0.13,0.46,0.68,0.81,0.912,0.948,0.963,0.973,0.982,0.995,0.997,0.995,0.999,0.999,0.999,0.999,0.999,0.999,0.999,0.996,0.987,0.953,0.907,1,Y,TEST POT DATA
E-SF03,847238,855236,1.82570 ,1.83099 ,1.83649 ,1.83807 ,1.83956 ,1.84635 ,1.84666 ,1.85504 ,1.87210 ,1.87432 ,1.89419 ,1.91428 ,23.78 ,23.59 ,17.81 ,0.035610 ,0.036249 ,0.010169 ,0.008382 ,0.047531 ,0.022090 ,0.008591 ,0.027658 ,0.2856 ,0.2354 ,0.6203 ,0.2370 ,0.2312 ,0.5482 ,0.0182 ,0.0158 ,3.25492893E+00,-1.56026034E-02,4.58228209E-02,3.72736340E-03,-2.38976694E-04,3.42745142E-05,0.00000000E+00,102,610,646,3.53 ,1,1,,492(5),179,,,,,,42/37,406/370,,,,,,,,,,0.05,0.35,0.61,0.76,0.900,0.957,0.982,0.997,0.999,0.999,0.999,0.999,0.999,0.999,0.999,0.999,0.999,0.999,0.999,0.999,0.998,0.985,0.961,1,Y,TEST POT DATA
E-SFS3,785263,792261,1.76698 ,1.77147 ,1.77613 ,1.77746 ,1.77871 ,1.78444 ,1.78470 ,1.79173 ,1.80597 ,1.80781 ,1.82428 ,1.84081 ,26.30 ,26.08 ,19.82 ,0.029842 ,0.030354 ,0.008570 ,0.007033 ,0.039583 ,0.018311 ,0.007237 ,0.023117 ,0.2872 ,0.2357 ,0.6136 ,0.2384 ,0.2317 ,0.5425 ,0.0153 ,0.0134 ,3.05701152E+00,-1.32251945E-02,3.90853018E-02,2.51480160E-03,-1.31876542E-04,2.24898958E-05,0.00000000E+00,102,577,620,3.28 ,2,1,,492(5),196,,,,,43/37,,399/367,,,,,,,,,,0.14,0.46,0.70,0.82,0.925,0.959,0.973,0.982,0.990,0.999,0.999,0.999,0.997,,,,,,,,,,,1,Y,TEST POT DATA
E-LAK7,652585,654583,1.64432 ,1.64627 ,1.64821 ,1.64875 ,1.64925 ,1.65150 ,1.65160 ,1.65425 ,1.65934 ,1.65997 ,1.66537 ,1.67038 ,58.54 ,58.30 ,47.31 ,0.011131 ,0.011222 ,0.003392 ,0.002655 ,0.013774 ,0.006035 ,0.002851 ,0.008371 ,0.3047 ,0.2385 ,0.5422 ,0.2541 ,0.2366 ,0.4815 ,-0.0051 ,-0.0039 ,2.68241693E+00,-1.18445415E-02,1.62422690E-02,3.03298585E-04,-8.32486246E-06,7.74390846E-07,0.00000000E+00,81,647,678,3.30 ,,,,,,,,,,35/28,,330/277,0.05,0.18,0.35,0.51,0.65,0.76,0.85,0.900,0.935,0.955,0.968,0.973,0.977,0.980,0.982,0.985,0.986,0.988,0.990,0.992,0.994,0.999,0.999,0.999,0.999,0.999,0.996,0.992,0.980,0.957,0.87,0.67,1,Y,TEST POT DATA
E-LAK8,713539,716536,1.70439 ,1.70669 ,1.70898 ,1.70961 ,1.71021 ,1.71288 ,1.71300 ,1.71615 ,1.72221 ,1.72296 ,1.72943 ,1.73545 ,53.88 ,53.64 ,43.38 ,0.013234 ,0.013350 ,0.004020 ,0.003154 ,0.016438 ,0.007224 ,0.003380 ,0.009970 ,0.3038 ,0.2383 ,0.5459 ,0.2532 ,0.2363 ,0.4845 ,-0.0103 ,-0.0081 ,2.87864541E+00,-1.42314931E-02,1.98025768E-02,4.01179570E-04,-6.68878586E-06,7.86869747E-07,0.00000000E+00,68,656,682,3.72 ,1,5,,647(6),72,,,,,38/30,,355/295,,,0.03,0.16,0.35,0.52,0.68,0.79,0.87,0.918,0.949,0.965,0.976,0.985,0.990,0.994,0.997,0.999,0.999,0.999,0.999,0.999,0.999,0.999,0.999,0.999,0.997,0.997,0.984,0.956,0.87,0.60,1,Y,TEST POT DATA
E-LAK9,691548,694546,1.68284 ,1.68498 ,1.68716 ,1.68777 ,1.68834 ,1.69089 ,1.69100 ,1.69401 ,1.69976 ,1.70048 ,1.70661 ,1.71231 ,54.82 ,54.60 ,44.25 ,0.012606 ,0.012711 ,0.003843 ,0.003009 ,0.015615 ,0.006852 ,0.003232 ,0.009479 ,0.3049 ,0.2387 ,0.5436 ,0.2543 ,0.2367 ,0.4827 ,-0.0117 ,-0.0088 ,2.78211953E+00,3.86988792E-03,3.22993842E-02,-3.17915886E-03,4.35836848E-04,-2.06224134E-05,0.00000000E+00,75,662,683,3.48 ,2,4,,679(7),79,,,,,38/30,,358/301,,,,,,,,,,,,,,,,,,,,,,,,,,,,,,,,,1,Y,TEST POT DATA
E-LAK10,720502,723500,1.71081 ,1.71324 ,1.71568 ,1.71636 ,1.71700 ,1.71987 ,1.71999 ,1.72341 ,1.73001 ,1.73084 ,1.73795 ,1.74460 ,50.23 ,49.97 ,40.11 ,0.014334 ,0.014477 ,0.004318 ,0.003413 ,0.017952 ,0.007936 ,0.003634 ,0.010843 ,0.3012 ,0.2381 ,0.5536 ,0.2510 ,0.2358 ,0.4911 ,-0.0078 ,-0.0065 ,2.89528358E+00,-1.17686807E-02,2.22295765E-02,2.69351264E-04,2.23005932E-05,-4.35464340E-07,0.00000000E+00,82,633,667,3.74 ,2,4,5a,629(6),100,,,,,38/32,,360/323,,,0.01,0.12,0.31,0.51,0.67,0.79,0.87,0.916,0.947,0.964,0.973,0.984,0.988,0.993,0.996,0.999,0.999,0.999,0.999,0.999,,,,,,,,,,,1,Y,TEST POT DATA
E-LAK12,678554,681552,1.66990 ,1.67206 ,1.67419 ,1.67478 ,1.67533 ,1.67779 ,1.67790 ,1.68082 ,1.68642 ,1.68712 ,1.69308 ,1.69863 ,55.40 ,55.16 ,44.65 ,0.012237 ,0.012343 ,0.003715 ,0.002917 ,0.015184 ,0.006662 ,0.003123 ,0.009220 ,0.3036 ,0.2384 ,0.5444 ,0.2530 ,0.2363 ,0.4832 ,-0.0084 ,-0.0070 ,2.78094755E+00,-2.36624998E-02,8.67653717E-03,2.94181002E-03,-3.51554137E-04,1.84406503E-05,0.00000000E+00,81,651,677,3.96 ,3,5,,530(5),155,,,,,36/28,,337/278,,0.01,0.09,0.30,0.52,0.69,0.81,0.88,0.929,0.957,0.971,0.980,0.984,0.988,0.989,0.992,0.994,0.995,0.997,0.998,0.998,0.999,0.999,0.999,0.999,0.999,0.992,0.995,0.982,0.960,0.88,0.70,1,Y,TEST POT DATA
E-LAK13,694532,697530,1.68505 ,1.68730 ,1.68955 ,1.69018 ,1.69076 ,1.69339 ,1.69350 ,1.69661 ,1.70258 ,1.70333 ,1.70972 ,1.71566 ,53.20 ,52.97 ,42.77 ,0.013035 ,0.013152 ,0.003953 ,0.003106 ,0.016216 ,0.007134 ,0.003324 ,0.009828 ,0.3033 ,0.2383 ,0.5473 ,0.2527 ,0.2362 ,0.4857 ,-0.0098 ,-0.0078 ,2.81365515E+00,-1.34879998E-02,1.91920754E-02,4.14986834E-04,-7.45390097E-06,7.65453719E-07,0.00000000E+00,74,617,650,3.68 ,1,4,,618(6),124,,,,,37/30,,345/294,,0.01,0.08,0.25,0.44,0.61,0.75,0.85,0.914,0.954,0.980,0.994,0.999,0.999,0.999,0.999,0.999,0.999,0.999,0.999,0.999,0.999,0.999,0.999,0.999,0.999,0.999,0.999,0.999,0.977,0.916,0.70,1,Y,TEST POT DATA
E-LAK14,697555,700553,1.68859 ,1.69079 ,1.69297 ,1.69358 ,1.69415 ,1.69669 ,1.69680 ,1.69979 ,1.70552 ,1.70624 ,1.71234 ,1.71800 ,55.53 ,55.30 ,44.83 ,0.012549 ,0.012654 ,0.003823 ,0.002992 ,0.015543 ,0.006817 ,0.003214 ,0.009440 ,0.3046 ,0.2384 ,0.5432 ,0.2540 ,0.2364 ,0.4823 ,-0.0103 ,-0.0080 ,2.82766740E+00,-1.46359226E-02,1.83760559E-02,4.20548979E-04,-1.31827801E-05,9.74806017E-07,0.00000000E+00,71,658,686,3.55 ,1,5,,632(6),76,,,,,37/29,,349/286,0.01,0.04,0.11,0.22,0.36,0.52,0.67,0.79,0.87,0.931,0.964,0.985,0.995,0.999,0.999,0.999,0.999,0.999,0.999,0.999,0.999,0.999,0.999,0.999,0.999,0.999,0.999,0.999,0.987,0.962,0.85,0.59,1,Y,TEST POT DATA
E-LAK18,729547,732544,1.72046 ,1.72279 ,1.72510 ,1.72575 ,1.72635 ,1.72904 ,1.72916 ,1.73234 ,1.73844 ,1.73920 ,1.74570 ,1.75173 ,54.66 ,54.43 ,44.08 ,0.013340 ,0.013454 ,0.004057 ,0.003181 ,0.016542 ,0.007259 ,0.003411 ,0.010043 ,0.3041 ,0.2385 ,0.5442 ,0.2535 ,0.2364 ,0.4831 ,-0.0107 ,-0.0084 ,2.93385862E+00,-1.50347642E-02,1.98579837E-02,5.00310675E-04,-2.05752531E-05,1.37499776E-06,0.00000000E+00,69,668,697,4.16 ,1,4,,738(7),68,,,,,37/29,,343/290,0.04,0.16,0.29,0.34,0.56,0.69,0.80,0.88,0.932,0.964,0.986,0.996,0.999,0.999,0.999,0.999,0.999,0.999,0.999,0.999,0.999,0.999,0.999,0.999,0.999,0.999,0.999,0.999,0.998,0.968,0.88,0.61,1,Y,TEST POT DATA
E-LAK01,640601,643599,1.63293 ,1.63485 ,1.63673 ,1.63725 ,1.63774 ,1.63990 ,1.64000 ,1.64254 ,1.64738 ,1.64798 ,1.65311 ,1.65784 ,60.09 ,59.88 ,48.82 ,0.010651 ,0.010730 ,0.003268 ,0.002541 ,0.013109 ,0.005726 ,0.002745 ,0.007985 ,0.3068 ,0.2386 ,0.5376 ,0.2558 ,0.2368 ,0.4775 ,-0.0084 ,-0.0059 ,2.64816555E+00,-1.39955727E-02,1.52775593E-02,2.27366594E-04,4.86219531E-06,-2.33276501E-07,0.00000000E+00,77,656,680,3.01 ,4,4,,622(6),92,,,,,35/29,,360/305,,,0.02,,0.19,,0.53,,0.80,,0.929,,0.970,0.984,0.988,0.992,0.994,0.996,0.997,0.995,0.996,0.997,,,,,,,,,,,1,AY,TEST POT DATA
E-LAK02,670573,673571,1.66240 ,1.66443 ,1.66645 ,1.66701 ,1.66754 ,1.66990 ,1.67000 ,1.67279 ,1.67813 ,1.67880 ,1.68449 ,1.68976 ,57.34 ,57.09 ,46.25 ,0.011684 ,0.011785 ,0.003551 ,0.002786 ,0.014486 ,0.006353 ,0.002986 ,0.008799 ,0.3039 ,0.2384 ,0.5437 ,0.2534 ,0.2364 ,0.4826 ,-0.0052 ,-0.0044 ,2.74241958E+00,-1.30203862E-02,1.59689321E-02,7.09178831E-04,-6.08192466E-05,3.51166538E-06,0.00000000E+00,88,644,672,3.74 ,3,5,,631(6),139,,,,,36/29,,344/292,,0.04,0.18,0.36,0.54,0.68,0.79,0.86,0.915,0.948,0.971,0.981,0.989,0.996,0.999,0.999,0.999,0.999,0.999,0.999,0.999,0.999,0.999,0.999,0.999,0.999,0.999,0.999,0.988,0.966,0.87,0.66,1,AY,TEST POT DATA
E-LAK04,651562,654559,1.64351 ,1.64550 ,1.64749 ,1.64805 ,1.64857 ,1.65090 ,1.65100 ,1.65376 ,1.65908 ,1.65974 ,1.66544 ,1.67074 ,56.17 ,55.89 ,45.08 ,0.011589 ,0.011697 ,0.003509 ,0.002761 ,0.014441 ,0.006361 ,0.002952 ,0.008745 ,0.3028 ,0.2382 ,0.5489 ,0.2524 ,0.2360 ,0.4870 ,-0.0015 ,-0.0012 ,2.67680860E+00,-1.02173269E-02,1.77389501E-02,2.82247162E-05,4.32740016E-05,-2.15847266E-06,0.00000000E+00,81,645,678,3.26 ,2,4,,612(6),96,,,,,37/33,,356/324,,,,,,,,,,,,,,,,,,,,,,,,,,,,,,,,,1,Y,TEST POT DATA
E-LAK06,678507,681504,1.66940 ,1.67164 ,1.67389 ,1.67453 ,1.67512 ,1.67778 ,1.67790 ,1.68108 ,1.68726 ,1.68804 ,1.69470 ,1.70100 ,50.71 ,50.41 ,40.35 ,0.013368 ,0.013510 ,0.004007 ,0.003183 ,0.016802 ,0.007441 ,0.003374 ,0.010136 ,0.2997 ,0.2381 ,0.5566 ,0.2497 ,0.2356 ,0.4934 ,-0.0023 ,-0.0027 ,2.77078533E+00,-1.76502071E-02,1.18030410E-02,2.79750020E-03,-3.46617455E-04,2.01612172E-05,0.00000000E+00,95,629,671,3.86 ,1,4,,485(5),189,,,,,38/33,,365/332,,,,,,,,,,,,,,,,,,,,,,,,,,,,,,,,,1,Y,TEST POT DATA
E-LAK09,734515,737513,1.72476 ,1.72723 ,1.72969 ,1.73037 ,1.73101 ,1.73387 ,1.73400 ,1.73740 ,1.74394 ,1.74476 ,1.75175 ,1.75825 ,51.48 ,51.25 ,41.34 ,0.014257 ,0.014388 ,0.004315 ,0.003397 ,0.017754 ,0.007812 ,0.003629 ,0.010759 ,0.3027 ,0.2383 ,0.5479 ,0.2522 ,0.2361 ,0.4862 ,-0.0123 ,-0.0101 ,2.95310231E+00,-1.96724731E-02,1.74257922E-02,1.52866545E-03,-1.37028672E-04,6.72353302E-06,0.00000000E+00,69,629,655,4.06 ,1,4,,629(6),76,,,,,37/29,,346/283,0.01,0.09,0.26,0.43,0.58,0.70,0.79,0.86,0.912,0.943,0.964,0.975,0.981,0.989,0.993,0.997,0.999,0.999,0.999,0.999,0.999,0.999,0.999,0.999,0.999,0.999,0.999,0.999,0.987,0.955,0.86,0.60,1,AY,TEST POT DATA
E-LAK011,741527,744524,1.73188 ,1.73431 ,1.73673 ,1.73741 ,1.73805 ,1.74087 ,1.74100 ,1.74435 ,1.75080 ,1.75161 ,1.75848 ,1.76488 ,52.67 ,52.44 ,42.39 ,0.014068 ,0.014194 ,0.004267 ,0.003354 ,0.017482 ,0.007681 ,0.003589 ,0.010605 ,0.3033 ,0.2384 ,0.5460 ,0.2529 ,0.2363 ,0.4845 ,-0.0123 ,-0.0100 ,2.97199342E+00,-1.52435249E-02,2.02061158E-02,8.75252167E-04,-7.67180744E-05,4.84807195E-06,0.00000000E+00,67,653,680,4.19 ,1,4,,635(6),50,,,,,37/29,,347/289,,0.01,0.09,0.26,0.49,0.65,0.77,0.86,0.912,0.948,0.971,0.982,0.990,0.997,0.999,0.999,0.999,0.999,0.999,0.999,0.999,0.999,0.999,0.999,0.999,0.999,0.999,0.999,0.987,0.962,0.88,0.62,1,Y,TEST POT DATA
E-LAKH1,748523,752521,1.73885 ,1.74131 ,1.74376 ,1.74445 ,1.74510 ,1.74797 ,1.74810 ,1.75151 ,1.75807 ,1.75888 ,1.76589 ,1.77242 ,52.30 ,52.07 ,42.04 ,0.014303 ,0.014432 ,0.004336 ,0.003410 ,0.017794 ,0.007827 ,0.003647 ,0.010785 ,0.3032 ,0.2384 ,0.5472 ,0.2527 ,0.2363 ,0.4857 ,-0.0117 ,-0.0094 ,2.98243942E+00,-2.02422946E-03,2.67906679E-02,-6.32301437E-04,1.10898621E-04,-4.15841080E-06,-4.95792836E-03,69,661,687,4.23 ,1,4,,613(6),64,,,,,37/29,,347/289,,0.01,0.13,0.31,0.51,0.65,0.77,0.85,0.904,0.942,0.965,0.975,0.984,0.990,0.994,0.996,0.998,0.999,0.999,0.999,0.999,0.999,0.999,0.999,0.999,0.999,0.999,0.998,0.988,0.960,0.88,0.63,1,YB,TEST POT DATA
E-LASKH2,755523,758521,1.74565 ,1.74814 ,1.75062 ,1.75132 ,1.75197 ,1.75487 ,1.75500 ,1.75844 ,1.76506 ,1.76588 ,1.77296 ,1.77954 ,52.31 ,52.08 ,42.04 ,0.014432 ,0.014563 ,0.004374 ,0.003439 ,0.017959 ,0.007901 ,0.003679 ,0.010884 ,0.3031 ,0.2383 ,0.5475 ,0.2526 ,0.2361 ,0.4858 ,-0.0114 ,-0.0091 ,3.01740929E+00,-1.50192115E-02,2.20799937E-02,4.76675587E-04,-9.36464002E-06,9.63541852E-07,0.00000000E+00,70,668,698,4.29 ,1,4,,678(7),62,,,,,38/28,,348/284,,,0.07,0.24,0.48,0.65,0.78,0.87,0.924,0.962,0.984,0.996,0.999,0.999,0.999,0.999,0.999,0.999,0.999,0.999,0.999,0.998,0.999,0.999,0.999,0.999,0.999,0.999,0.993,0.966,0.900,0.65,1,Y,TEST POT DATA
LAF7,750352,755349,1.73671 ,1.73984 ,1.74323 ,1.74421 ,1.74513 ,1.74931 ,1.74950 ,1.75456 ,1.76453 ,1.76580 ,1.77694 ,1.78769 ,35.19 ,34.95 ,27.32 ,0.021301 ,0.021592 ,0.006271 ,0.005059 ,0.027439 ,0.012409 ,0.005293 ,0.016299 ,0.2944 ,0.2375 ,0.5826 ,0.2451 ,0.2343 ,0.5159 ,-0.0041 ,-0.0027 ,2.87163801E+00,5.58631865E-02,8.26011335E-02,-1.25713266E-02,1.71414005E-03,-7.97721681E-05,0.00000000E+00,63,503,540,4.41 ,1,4,5b,471(5),176,,,,,40/34,,372/336,,,,,,,0.09,0.34,0.59,0.74,0.84,0.900,0.935,0.968,0.980,0.987,0.991,0.993,0.996,0.994,0.996,0.999,0.999,0.999,0.999,0.999,0.993,0.994,0.978,0.957,0.86,0.67,1,YB,
LAF9,795286,802284,1.77835 ,1.78259 ,1.78698 ,1.78824 ,1.78942 ,1.79480 ,1.79504 ,1.80162 ,1.81482 ,1.81651 ,1.83152 ,1.84630 ,28.57 ,28.35 ,21.80 ,0.027833 ,0.028275 ,0.008056 ,0.006577 ,0.036478 ,0.016701 ,0.006801 ,0.021474 ,0.2894 ,0.2363 ,0.6000 ,0.2405 ,0.2326 ,0.5306 ,0.0043 ,0.0036 ,3.09792113E+00,-1.11246632E-02,3.88244968E-02,1.94918388E-03,-6.84019791E-05,1.33030530E-05,0.00000000E+00,75,488,529,4.97 ,2,3,5b,426(4),212,,,,,43/36,,395/363,,,,,,,,,0.02,0.22,0.53,0.74,0.85,0.946,0.978,0.990,0.998,0.999,0.999,0.999,0.999,0.999,0.999,0.999,0.999,0.999,0.999,0.999,0.992,0.985,0.952,0.899,1,Y,
LAF11,757317,763315,1.74312 ,1.74631 ,1.74996 ,1.75103 ,1.75205 ,1.75671 ,1.75692 ,1.76259 ,1.77383 ,1.77527 ,1.78795 ,1.80027 ,31.71 ,31.46 ,24.40 ,0.023874 ,0.024237 ,0.006959 ,0.005674 ,0.031028 ,0.014113 ,0.005885 ,0.018352 ,0.2915 ,0.2377 ,0.5911 ,0.2428 ,0.2341 ,0.5230 ,0.0000 ,-0.0001 ,2.80963092E+00,1.14276691E-01,1.25106388E-01,-2.21708952E-02,2.91617555E-03,-1.35685507E-04,0.00000000E+00,64,494,526,4.58 ,1,3,5b,426(4),216,,,,,41/35,,387/344,,,,,,,,,0.12,0.45,0.73,0.87,0.939,0.988,0.999,0.999,0.999,0.999,0.999,0.999,0.999,0.999,0.999,0.999,0.999,0.999,0.999,0.999,0.999,0.984,0.900,0.78,1,Y,
E-LAF2,744448,748445,1.73357 ,1.73629 ,1.73905 ,1.73983 ,1.74056 ,1.74385 ,1.74400 ,1.74795 ,1.75566 ,1.75664 ,1.76506 ,1.77304 ,44.78 ,44.51 ,35.33 ,0.016613 ,0.016806 ,0.004947 ,0.003949 ,0.021061 ,0.009395 ,0.004167 ,0.012639 ,0.2978 ,0.2377 ,0.5655 ,0.2479 ,0.2350 ,0.5011 ,-0.0041 ,-0.0037 ,2.96848270E+00,-1.16032701E-02,2.44833672E-02,7.75976856E-04,-2.44342622E-05,3.01832049E-06,0.00000000E+00,76,614,653,4.16 ,1,4,,607(6),118,,,,,40/34,,372/340,,,,,,,0.04,0.28,0.59,0.78,0.88,0.937,0.966,0.991,0.999,0.999,0.999,0.999,0.999,0.999,0.999,0.999,0.999,0.999,0.999,0.999,0.999,0.999,0.991,0.971,0.900,0.72,1,Y,TEST POT DATA
E-LAF3,717479,721476,1.70753 ,1.71002 ,1.71253 ,1.71323 ,1.71390 ,1.71687 ,1.71700 ,1.72056 ,1.72749 ,1.72836 ,1.73587 ,1.74296 ,47.93 ,47.65 ,38.00 ,0.014958 ,0.015122 ,0.004476 ,0.003558 ,0.018867 ,0.008385 ,0.003769 ,0.011353 ,0.2992 ,0.2379 ,0.5606 ,0.2492 ,0.2353 ,0.4969 ,-0.0038 ,-0.0033 ,2.88218387E+00,-1.06317724E-02,2.27527853E-02,3.97667212E-04,1.25478223E-05,5.87511175E-07,0.00000000E+00,96,604,642,3.89 ,,,,,,,,,,38/34,,367/339,,,,,,,,,,,,,,,,,,,,,,,,,,,,,,,,,1,Y,TEST POT DATA
E-LAF7,749353,755350,1.73648 ,1.73984 ,1.74327 ,1.74425 ,1.74516 ,1.74931 ,1.74950 ,1.75453 ,1.76452 ,1.76579 ,1.77699 ,1.78787 ,35.28 ,35.02 ,27.26 ,0.021243 ,0.021544 ,0.006224 ,0.005029 ,0.027490 ,0.012471 ,0.005249 ,0.016295 ,0.2930 ,0.2367 ,0.5871 ,0.2436 ,0.2334 ,0.5196 ,0.0020 ,0.0019 ,2.96631279E+00,-1.09274208E-02,3.14277188E-02,7.03288732E-04,4.43317688E-05,2.65190331E-06,0.00000000E+00,87,589,635,3.61 ,2,4,,540(5),149,,,,,42/36,,396/356,,,,,,,,,0.09,0.40,0.64,0.78,0.86,0.933,0.962,0.976,0.985,0.994,0.999,0.999,0.998,0.999,,,,,,,,,,,1,Y,TEST POT DATA
E-LAF9,795285,802283,1.77836 ,1.78261 ,1.78700 ,1.78825 ,1.78943 ,1.79480 ,1.79504 ,1.80161 ,1.81485 ,1.81656 ,1.83177 ,1.84695 ,28.54 ,28.31 ,21.64 ,0.027854 ,0.028311 ,0.008041 ,0.006571 ,0.036733 ,0.016920 ,0.006788 ,0.021523 ,0.2887 ,0.2359 ,0.6075 ,0.2398 ,0.2321 ,0.5372 ,0.0124 ,0.0110 ,3.10092155E+00,-1.37498298E-02,3.78092579E-02,2.07799755E-03,-9.16209650E-05,1.79829707E-05,0.00000000E+00,85,611,665,3.51 ,1,3,,612(6),141,,,,,44/37,,400/367,,,,,,,,,0.01,0.10,0.40,0.65,0.79,0.906,0.946,0.964,0.976,0.984,0.996,0.997,0.996,0.999,,,,,,,,,,,1,Y,TEST POT DATA
E-LAF11,757316,763313,1.74243 ,1.74614 ,1.74995 ,1.75104 ,1.75207 ,1.75671 ,1.75692 ,1.76258 ,1.77391 ,1.77537 ,1.78822 ,1.80090 ,31.59 ,31.35 ,24.19 ,0.023960 ,0.024326 ,0.006966 ,0.005665 ,0.031297 ,0.014303 ,0.005878 ,0.018448 ,0.2907 ,0.2364 ,0.5970 ,0.2416 ,0.2329 ,0.5282 ,0.0063 ,0.0056 ,2.98504551E+00,-1.28617730E-02,3.12839577E-02,2.17089493E-03,-1.62580251E-04,1.82003929E-05,0.00000000E+00,91,577,627,3.52 ,1,1,,539(5),170,,,,,42/36,,390/359,,,,,,,,,0.08,0.41,0.68,0.81,0.89,0.948,0.971,0.983,0.990,0.996,0.999,0.999,0.998,0.999,0.999,0.999,0.999,0.999,0.999,0.998,0.986,0.967,0.911,0.82,1,Y,TEST POT DATA
E-LAF01,700481,703478,1.69076 ,1.69319 ,1.69564 ,1.69633 ,1.69697 ,1.69987 ,1.70000 ,1.70346 ,1.71020 ,1.71104 ,1.71834 ,1.72522 ,48.08 ,47.80 ,38.16 ,0.014559 ,0.014716 ,0.004361 ,0.003464 ,0.018343 ,0.008145 ,0.003672 ,0.011044 ,0.2995 ,0.2379 ,0.5594 ,0.2495 ,0.2354 ,0.4960 ,-0.0049 ,-0.0043 ,2.82762091E+00,-1.12227553E-02,2.13169098E-02,5.59325355E-04,-1.33571380E-05,1.86385587E-06,0.00000000E+00,91,653,701,3.69 ,1,4,,575(6),155,,,,,39/34,,367/334,,,,,,,0.06,0.34,0.64,0.81,0.902,0.947,0.970,0.987,0.993,0.997,0.999,0.999,0.999,0.999,0.999,0.999,0.999,0.999,0.999,0.999,0.999,0.999,0.993,0.972,0.922,0.81,1,Y,TEST POT DATA
E-LAF02,720437,724434,1.70970 ,1.71238 ,1.71511 ,1.71588 ,1.71660 ,1.71985 ,1.72000 ,1.72391 ,1.73159 ,1.73256 ,1.74098 ,1.74901 ,43.68 ,43.40 ,34.32 ,0.016483 ,0.016682 ,0.004894 ,0.003915 ,0.020979 ,0.009390 ,0.004123 ,0.012559 ,0.2969 ,0.2375 ,0.5697 ,0.2472 ,0.2347 ,0.5047 ,-0.0014 ,-0.0014 ,2.88761613E+00,-1.13224055E-02,2.34620658E-02,8.79155778E-04,-3.93727241E-05,4.43531743E-06,0.00000000E+00,82,663,702,3.66 ,1,4,,554(6),160,,,,,40/35,,380/348,,,,,,,,0.09,0.39,0.66,0.82,0.905,0.951,0.988,0.999,0.999,0.999,0.999,0.999,0.999,0.999,0.999,0.999,0.999,0.999,0.999,0.999,0.999,0.999,0.983,0.934,0.81,1,Y,TEST POT DATA
E-LAF04,757478,761476,1.74685 ,1.74954 ,1.75223 ,1.75299 ,1.75369 ,1.75686 ,1.75700 ,1.76076 ,1.76806 ,1.76898 ,1.77687 ,1.78431 ,47.83 ,47.59 ,38.09 ,0.015828 ,0.015987 ,0.004766 ,0.003766 ,0.019873 ,0.008811 ,0.004010 ,0.011977 ,0.3011 ,0.2379 ,0.5567 ,0.2508 ,0.2356 ,0.4939 ,-0.0098 ,-0.0074 ,3.01654365E+00,-1.42462083E-02,2.51223164E-02,1.95992997E-04,4.35063641E-05,-7.85606637E-07,0.00000000E+00,69,654,676,4.08 ,1,4,,645(6),76,,,,,39/33,,368/332,,,,,,0.01,0.17,0.44,0.66,0.79,0.87,0.913,0.939,0.961,0.971,0.978,0.984,0.988,0.992,0.992,0.993,0.995,0.999,0.999,0.999,0.999,0.988,0.993,0.982,0.957,0.88,0.63,1,Y,TEST POT DATA
E-LAF05,762401,767398,1.75021 ,1.75327 ,1.75639 ,1.75727 ,1.75810 ,1.76183 ,1.76200 ,1.76651 ,1.77539 ,1.77651 ,1.78634 ,1.79580 ,40.11 ,39.83 ,31.31 ,0.019000 ,0.019243 ,0.005615 ,0.004507 ,0.024340 ,0.010955 ,0.004732 ,0.014511 ,0.2955 ,0.2372 ,0.5766 ,0.2459 ,0.2342 ,0.5108 ,-0.0007 ,-0.0005 ,3.02046444E+00,-1.21632364E-02,2.80238460E-02,8.61441681E-04,-1.40486471E-05,4.56130350E-06,0.00000000E+00,78,604,653,3.94 ,1,4,,406(4),109,,,,,39/33,,364/333,,,,,,0.03,0.27,0.58,0.77,0.86,0.919,0.949,0.963,0.978,0.984,0.988,0.992,0.995,0.997,0.998,0.998,0.999,,,,,,,,,,,1,Y,TEST POT DATA
E-LAF09,697485,700482,1.68791 ,1.69030 ,1.69271 ,1.69338 ,1.69402 ,1.69687 ,1.69700 ,1.70042 ,1.70707 ,1.70791 ,1.71513 ,1.72193 ,48.53 ,48.24 ,38.45 ,0.014362 ,0.014521 ,0.004294 ,0.003415 ,0.018127 ,0.008059 ,0.003615 ,0.010906 ,0.2990 ,0.2378 ,0.5611 ,0.2489 ,0.2352 ,0.4973 ,-0.0017 ,-0.0018 ,2.82115249E+00,-1.28420041E-02,1.95742767E-02,8.51971209E-04,-3.82046776E-05,2.42425127E-06,0.00000000E+00,87,659,698,3.67 ,2,4,,602(6),136,,,,,,,,,,,,,,,,,,,,,,,,,,,,,,,,,,,,,,,,1,Y,TEST POT DATA
E-LAF010,743493,747491,1.73353 ,1.73608 ,1.73865 ,1.73937 ,1.74005 ,1.74307 ,1.74320 ,1.74679 ,1.75372 ,1.75459 ,1.76205 ,1.76902 ,49.31 ,49.08 ,39.43 ,0.015071 ,0.015217 ,0.004551 ,0.003589 ,0.018849 ,0.008329 ,0.003829 ,0.011388 ,0.3020 ,0.2381 ,0.5527 ,0.2516 ,0.2359 ,0.4903 ,-0.0115 ,-0.0089 ,2.96201742E+00,-6.90787335E-03,2.95340678E-02,-1.39338248E-03,2.52317172E-04,-1.24543400E-05,0.00000000E+00,66,643,674,4.07 ,1,4,,645(6),86,,,,,38/32,,354/317,,,,,0.11,0.36,0.59,0.75,0.86,0.920,0.958,0.977,0.989,0.999,0.999,0.999,0.999,0.999,0.999,0.999,0.999,0.999,0.999,0.999,0.999,0.999,0.999,0.999,0.990,0.967,0.881,0.630,1,Y,TEST POT DATA
E-LAF016,801350,806347,1.78690 ,1.79055 ,1.79427 ,1.79533 ,1.79632 ,1.80080 ,1.80100 ,1.80642 ,1.81718 ,1.81855 ,1.83061 ,1.84236 ,34.96 ,34.72 ,27.05 ,0.022909 ,0.023227 ,0.006727 ,0.005425 ,0.029611 ,0.013429 ,0.005672 ,0.017555 ,0.2936 ,0.2368 ,0.5862 ,0.2442 ,0.2336 ,0.5191 ,-0.0002 ,0.0005 ,3.14158865E+00,-1.47653343E-02,3.34231042E-02,1.25430167E-03,-3.49277287E-05,8.75894350E-06,0.00000000E+00,76,632,666,3.63 ,2,3,,649(6),93,,,,,43/35,,388/351,,,,,,,,0.01,0.25,0.60,0.79,0.88,0.927,0.967,0.985,0.995,0.999,0.999,0.999,0.999,0.999,0.999,0.999,0.999,0.999,0.999,0.999,0.999,0.994,0.980,0.927,0.77,1,Y,TEST POT DATA
E-LAFH2,804339,809336,1.78934 ,1.79308 ,1.79690 ,1.79799 ,1.79901 ,1.80363 ,1.80384 ,1.80945 ,1.82062 ,1.82205 ,1.83463 ,1.84696 ,33.89 ,33.64 ,26.10 ,0.023720 ,0.024062 ,0.006937 ,0.005612 ,0.030795 ,0.014012 ,0.005850 ,0.018212 ,0.2925 ,0.2366 ,0.5907 ,0.2431 ,0.2332 ,0.5229 ,0.0033 ,0.0032 ,3.14933620E+00,-1.48382096E-02,3.35324542E-02,1.59644183E-03,-7.06244061E-05,1.15814159E-05,0.00000000E+00,75,635,667,3.58 ,2,3,,600(6),78,,,,,44/36,,392/360,,,,,,,,,0.11,0.42,0.67,0.79,0.86,0.921,0.951,0.968,0.982,0.991,0.999,0.999,0.998,0.999,0.999,0.999,0.999,0.999,0.999,0.999,0.994,0.984,0.945,0.80,1,Y,TEST POT DATA
E-LASF01,786442,790439,1.77462 ,1.77759 ,1.78058 ,1.78142 ,1.78221 ,1.78574 ,1.78590 ,1.79013 ,1.79837 ,1.79941 ,1.80839 ,1.81687 ,44.17 ,43.93 ,34.95 ,0.017791 ,0.017988 ,0.005322 ,0.004228 ,0.022489 ,0.010020 ,0.004480 ,0.013508 ,0.2991 ,0.2376 ,0.5632 ,0.2491 ,0.2350 ,0.4993 ,-0.0090 ,-0.0070 ,3.10625626E+00,-1.30242032E-02,3.00056853E-02,-2.79459588E-04,1.47953845E-04,-6.92451309E-06,0.00000000E+00,76,614,644,4.24 ,1,4,,621(6),76,,,,,39/34,,366/332,,,,,0.02,0.19,0.44,0.63,0.77,0.85,0.914,0.949,0.968,0.988,0.997,0.999,0.999,0.999,0.999,0.999,0.999,0.998,0.999,0.999,0.999,0.999,0.999,0.999,0.990,0.965,0.900,0.69,1,Y,TEST POT DATA
E-LASF02,800422,804420,1.78758 ,1.79071 ,1.79388 ,1.79477 ,1.79560 ,1.79935 ,1.79952 ,1.80402 ,1.81280 ,1.81391 ,1.82351 ,1.83264 ,42.24 ,42.00 ,33.32 ,0.018927 ,0.019144 ,0.005645 ,0.004497 ,0.023994 ,0.010712 ,0.004753 ,0.014391 ,0.2983 ,0.2376 ,0.5660 ,0.2483 ,0.2349 ,0.5016 ,-0.0095 ,-0.0075 ,3.15611691E+00,-1.72799726E-02,2.73336859E-02,1.19991815E-03,-6.25674387E-05,5.65571879E-06,0.00000000E+00,68,624,651,4.32 ,1,3,,674(7),75,,,,,40/34,,367/331,,,,,,0.05,0.28,0.53,0.71,0.83,0.903,0.944,0.971,0.994,0.999,0.999,0.999,0.999,0.999,0.999,0.999,0.999,0.999,0.999,0.999,0.999,0.999,0.999,0.999,0.978,0.916,0.70,1,Y,TEST POT DATA
E-LASF03,806409,811407,1.79369 ,1.79697 ,1.80025 ,1.80118 ,1.80204 ,1.80593 ,1.80610 ,1.81077 ,1.81994 ,1.82110 ,1.83115 ,1.84073 ,40.94 ,40.69 ,32.18 ,0.019689 ,0.019925 ,0.005848 ,0.004673 ,0.025052 ,0.011211 ,0.004925 ,0.015000 ,0.2970 ,0.2373 ,0.5694 ,0.2472 ,0.2345 ,0.5045 ,-0.0076 ,-0.0063 ,3.19737166E+00,-3.20236260E-02,1.67812195E-02,4.29709196E-03,-4.39299261E-04,2.40669567E-05,0.00000000E+00,67,621,653,4.31 ,1,4,,643(6),78,,,,,40/33,,370/332,,,,,,0.03,0.23,0.48,0.67,0.79,0.86,0.909,0.936,0.963,0.974,0.981,0.987,0.992,0.996,0.999,0.998,0.999,0.999,0.999,0.999,0.999,0.999,0.997,0.989,0.969,0.913,0.71,1,Y,TEST POT DATA
E-LASF04,816443,820441,1.80392 ,1.80696 ,1.81004 ,1.81091 ,1.81172 ,1.81538 ,1.81554 ,1.81992 ,1.82843 ,1.82950 ,1.83875 ,1.84748 ,44.34 ,44.10 ,35.14 ,0.018392 ,0.018593 ,0.005503 ,0.004375 ,0.023207 ,0.010318 ,0.004634 ,0.013959 ,0.2992 ,0.2379 ,0.5610 ,0.2492 ,0.2353 ,0.4974 ,-0.0109 ,-0.0090 ,3.20360786E+00,-8.77554777E-03,3.32446054E-02,-4.32887979E-04,1.34715955E-04,-4.71647100E-06,0.00000000E+00,76,688,711,4.56 ,1,3,,638(6),64,,,,,41/32,,368/322,,,,,,,,,,,,,,,,,,,,,,,,,,,,,,,,,1,Y,TEMPORARYDATA
E-LASF05,835427,839425,1.82248 ,1.82571 ,1.82897 ,1.82989 ,1.83076 ,1.83463 ,1.83481 ,1.83945 ,1.84851 ,1.84966 ,1.85953 ,1.86887 ,42.72 ,42.48 ,33.77 ,0.019540 ,0.019761 ,0.005833 ,0.004645 ,0.024722 ,0.011015 ,0.004912 ,0.014849 ,0.2985 ,0.2377 ,0.5637 ,0.2486 ,0.2351 ,0.4996 ,-0.0110 ,-0.0090 ,3.27555498E+00,-1.49587295E-02,3.10927229E-02,6.82586922E-04,9.41310743E-06,1.50458530E-06,0.00000000E+00,73,700,732,4.90 ,1,2,,747(7),63,,,,,40/32,,361/321,,,,,0.07,0.26,0.48,0.65,0.78,0.87,0.921,0.951,0.969,0.984,0.990,0.993,0.997,0.999,0.999,0.999,0.999,0.999,0.999,0.999,0.999,0.999,0.999,0.999,0.998,0.976,0.915,0.728,1,YB,TEST POT DATA
E-LASF08,883408,888405,1.86946 ,1.87298 ,1.87656 ,1.87757 ,1.87852 ,1.88281 ,1.88300 ,1.88815 ,1.89822 ,1.89949 ,1.91050 ,1.92092 ,40.76 ,40.52 ,32.11 ,0.021661 ,0.021919 ,0.006436 ,0.005148 ,0.027502 ,0.012277 ,0.005423 ,0.016496 ,0.2971 ,0.2377 ,0.5668 ,0.2474 ,0.2349 ,0.5021 ,-0.0107 ,-0.0092 ,3.44097798E+00,-1.40195736E-02,3.51597803E-02,8.93152796E-04,2.96132309E-06,1.83226713E-06,0.00000000E+00,78,714,747,5.50 ,,,,,,,,,,,38/32,372/332,,,,,,0.03,0.19,0.44,0.65,0.78,0.87,0.916,0.945,0.971,0.982,0.989,0.994,0.998,0.999,0.999,0.999,0.999,0.999,0.74,0.73,0.999,0.999,0.999,0.994,0.983,0.949,0.817,1,Y,TEST POT DATA
E-LASF09,816466,820464,1.80488 ,1.80780 ,1.81075 ,1.81158 ,1.81236 ,1.81585 ,1.81600 ,1.82017 ,1.82825 ,1.82927 ,1.83800 ,1.84619 ,46.62 ,46.37 ,37.09 ,0.017502 ,0.017686 ,0.005251 ,0.004166 ,0.021998 ,0.009747 ,0.004421 ,0.013265 ,0.3000 ,0.2380 ,0.5569 ,0.2500 ,0.2356 ,0.4938 ,-0.0110 ,-0.0092 ,3.21588388E+00,-1.33880786E-02,2.85023144E-02,4.06364414E-04,2.70180277E-05,-4.64955706E-07,0.00000000E+00,77,693,724,4.98 ,1,2,,686(7),53,,,,,39/30,,359/298,,,,,,,,,,,,,,,,,,,,,,,,,,,,,,,,,1,Y,TEST POT DATA
E-LASF010,834372,839369,1.82009 ,1.82370 ,1.82738 ,1.82842 ,1.82939 ,1.83380 ,1.83400 ,1.83932 ,1.84982 ,1.85115 ,1.86278 ,1.87396 ,37.16 ,36.92 ,28.98 ,0.022443 ,0.022736 ,0.006624 ,0.005323 ,0.028778 ,0.012959 ,0.005584 ,0.017152 ,0.2951 ,0.2372 ,0.5774 ,0.2456 ,0.2341 ,0.5113 ,-0.0058 ,-0.0046 ,3.26060903E+00,-1.48581563E-02,3.40319193E-02,1.14204288E-03,-1.89155362E-05,5.34279856E-06,0.00000000E+00,68,628,659,4.28 ,1,3,,639(6),71,,,,,42/35,,377/346,,,,,,,,0.14,0.47,0.70,0.83,0.89,0.926,0.960,0.976,0.984,0.992,0.997,0.999,0.999,0.999,0.999,0.999,0.999,0.999,0.999,0.999,0.999,0.993,0.972,0.908,0.72,1,YB,TEST POT DATA
E-LASF013,804396,809393,1.79172 ,1.79502 ,1.79837 ,1.79932 ,1.80021 ,1.80422 ,1.80440 ,1.80922 ,1.81870 ,1.81990 ,1.83034 ,1.84033 ,39.58 ,39.33 ,31.01 ,0.020324 ,0.020576 ,0.006023 ,0.004824 ,0.025940 ,0.011639 ,0.005075 ,0.015501 ,0.2963 ,0.2374 ,0.5727 ,0.2466 ,0.2344 ,0.5073 ,-0.0066 ,-0.0052 ,3.16454973E+00,-1.46684282E-02,3.03867870E-02,1.02933823E-03,-2.54435589E-05,4.67271608E-06,0.00000000E+00,65,618,649,4.20 ,1,4,,626(6),76,,,,,41/34,,373/339,,,,,,,0.10,0.35,0.58,0.73,0.83,0.89,0.921,0.955,0.969,0.977,0.983,0.987,0.994,0.996,0.996,0.999,0.999,0.999,0.999,0.999,0.988,0.991,0.979,0.954,0.87,0.64,1,Y,TEST POT DATA
E-LASF014,788474,792471,1.77737 ,1.78018 ,1.78300 ,1.78379 ,1.78453 ,1.78785 ,1.78800 ,1.79196 ,1.79963 ,1.80059 ,1.80888 ,1.81666 ,47.38 ,47.14 ,37.75 ,0.016632 ,0.016802 ,0.005002 ,0.003958 ,0.020877 ,0.009247 ,0.004210 ,0.012592 ,0.3007 ,0.2380 ,0.5560 ,0.2506 ,0.2356 ,0.4931 ,-0.0110 ,-0.0089 ,3.12215038E+00,-1.47958367E-02,2.60452483E-02,5.07811768E-04,5.71446833E-06,8.82357872E-07,0.00000000E+00,71,694,714,4.36 ,1,3,,632(6),59,,,,,38/32,,353/317,,,,,0.10,0.34,0.57,0.73,0.83,0.900,0.932,0.953,0.966,0.977,0.983,0.986,0.989,0.991,0.993,0.994,0.995,0.999,0.999,0.999,0.999,0.999,0.999,0.995,0.982,0.961,0.900,0.68,1,YB,TEST POT DATA
E-LASF015,804466,808463,1.79300 ,1.79590 ,1.79882 ,1.79964 ,1.80041 ,1.80385 ,1.80400 ,1.80811 ,1.81608 ,1.81708 ,1.82570 ,1.83380 ,46.58 ,46.33 ,37.05 ,0.017262 ,0.017443 ,0.005183 ,0.004108 ,0.021699 ,0.009620 ,0.004363 ,0.013080 ,0.3003 ,0.2380 ,0.5573 ,0.2501 ,0.2355 ,0.4941 ,-0.0109 ,-0.0089 ,3.17656194E+00,-1.53426611E-02,2.68472584E-02,6.45031930E-04,-5.17397170E-06,1.39108120E-06,0.00000000E+00,75,691,718,4.58 ,1,3,,626(6),65,,,,,39/33,,360/326,,,,,0.01,0.13,0.42,0.66,0.81,0.89,0.941,0.966,0.980,0.994,0.999,0.999,0.999,0.999,0.999,0.999,0.999,0.999,0.999,0.999,0.999,0.999,0.999,0.997,0.984,0.970,0.916,0.73,1,YB,TEST POT DATA
E-LASF016,772496,776494,1.76248 ,1.76514 ,1.76780 ,1.76854 ,1.76924 ,1.77236 ,1.77250 ,1.77621 ,1.78337 ,1.78427 ,1.79197 ,1.79917 ,49.61 ,49.37 ,39.68 ,0.015572 ,0.015723 ,0.004700 ,0.003708 ,0.019469 ,0.008597 ,0.003955 ,0.011768 ,0.3018 ,0.2381 ,0.5521 ,0.2515 ,0.2358 ,0.4898 ,-0.0113 ,-0.0090 ,3.07241378E+00,-1.46849804E-02,2.44285857E-02,3.98183255E-04,1.22802438E-05,1.23709929E-07,0.00000000E+00,71,670,696,4.25 ,1,4,,715(7),57,,,,,37/31,,349/308,,,,0.09,0.31,0.52,0.68,0.80,0.88,0.924,0.954,0.972,0.981,0.991,0.994,0.998,0.999,0.999,0.999,0.999,0.999,0.999,0.999,0.999,0.999,0.999,0.999,0.999,0.990,0.963,0.889,0.650,1,Y,TEST POT DATA
E-LASF017,795453,799450,1.78385 ,1.78678 ,1.78974 ,1.79057 ,1.79135 ,1.79484 ,1.79500 ,1.79917 ,1.80729 ,1.80831 ,1.81712 ,1.82542 ,45.29 ,45.04 ,35.94 ,0.017554 ,0.017744 ,0.005259 ,0.004176 ,0.022121 ,0.009826 ,0.004428 ,0.013316 ,0.2996 ,0.2379 ,0.5598 ,0.2495 ,0.2353 ,0.4962 ,-0.0106 ,-0.0086 ,3.14429212E+00,-1.56560059E-02,2.63644950E-02,8.79416097E-04,-3.51678468E-05,3.33709709E-06,0.00000000E+00,70,660,685,4.33 ,1,4,,707(7),61,,,,,40/33,,369/324,,,,,0.01,0.09,0.29,0.51,0.69,0.81,0.89,0.939,0.964,0.989,0.999,0.999,0.999,0.999,0.999,0.999,0.999,0.999,0.999,0.999,0.999,0.999,0.999,0.999,0.990,0.968,0.905,0.68,1,Y,TEST POT DATA
E-LASFH2,767468,771466,1.75641 ,1.75916 ,1.76192 ,1.76270 ,1.76343 ,1.76670 ,1.76684 ,1.77074 ,1.77831 ,1.77926 ,1.78746 ,1.79518 ,46.80 ,46.55 ,37.19 ,0.016384 ,0.016557 ,0.004916 ,0.003898 ,0.020618 ,0.009150 ,0.004138 ,0.012419 ,0.3000 ,0.2379 ,0.5585 ,0.2499 ,0.2354 ,0.4952 ,-0.0091 ,-0.0073 ,3.04964021E+00,-1.43753567E-02,2.47919447E-02,6.38849518E-04,-1.05068423E-05,1.83387657E-06,0.00000000E+00,68,648,680,4.10 ,2,4,,666(7),64,,,,,40/34,,372/338,,,,,,0.01,0.15,0.42,0.65,0.79,0.87,0.918,0.944,0.967,0.977,0.984,0.989,0.993,0.998,0.998,0.999,0.999,,,,,,,,,,,1,Y,TEST POT DATA
E-LASFH9,903357,909355,1.88711 ,1.89112 ,1.89522 ,1.89638 ,1.89748 ,1.90243 ,1.90265 ,1.90865 ,1.92050 ,1.92201 ,1.93516 ,1.94783 ,35.70 ,35.46 ,27.76 ,0.025285 ,0.025626 ,0.007434 ,0.005997 ,0.032513 ,0.014662 ,0.006268 ,0.019358 ,0.2940 ,0.2372 ,0.5799 ,0.2446 ,0.2340 ,0.5133 ,-0.0053 ,-0.0046 ,3.49989132E+00,-1.49255070E-02,3.84731987E-02,1.84372906E-03,-9.49882953E-05,1.04373643E-05,0.00000000E+00,75,695,733,5.52 ,,,,,,,,,,,,388/355,,,,,,,,,,,,,,,,,,,,,,,,,,,,,,,,,1,AY,TEST POT DATA
