,,,,,,,,,,,,,,,,,,,,,,,,,,,,,,,,,,,,,,,,,,,,,,,,,,,,,,,,,,,,,,,,,,,,,,,,,,,,,,,,,,,,,,,,,,,,,,,,,,,,,,,,,,,,,,,,,,,,,,,,,,,,,,,,,,,,,,,,,,,,,,,,,,,,,,,,,,,,,,,,,,,,,,,,,,,,,,,,,,,,,,,,,,
,Glass Type,Code,,,,,,,,Refractive Indices,,,,,,,,,Abbe - Number,,,,,,,,Constants of Disperison Formula,,,,,,,,,,,,,,Relative Partial Dispersions,,,,,,,,,,,"Deviation of Relative Partial Dispersions ∆P from the ""Normal Line""",,,,,,,,,,,Chemical Properties,,,,,,,,,,,Thermal Properties,,,,,,Mechanical Properties,,,,,,,Electrical Properties,,,,,Temperature Coefficients of Refractive Index (10-6/K at 632.8nm),,,,,,,,,,Stress-Optical Coefficient,,Other Properties,,,,,,,,,Internal Transmittance  λ (nm),,,,,,,,,,,,,,,,,,,,,Internal Transmittance λ (nm),,,,,,,,,,,,,,,,,Internal Transmittance λ (nm),,,,,,,,,,,,,,,,,,,Internal Transmittance λ (nm),,,,,,,,,,,,,Type,Melting Frequency,Production Method,Price Level
,,,nt,ns,nA',nr,nc,nc',nHe-Ne,nD,nd,ne,nF,nF',ng,nh,ni,νd,νe,nF-nC,nF'-nC',A0,A0pow,A1,A1pow,A2,A2pow,A3,A3pow,A4,A4pow,A5,A5pow,"PA',t","Pr,A'","PC,r","Pd,C","Pe,d","PF,e","Pg,F","Ph,g",Pi'h,"P'A',t","P'r,A'","P'c',r","P'd,c''","P'e,d","P'F',e","P'g,F","P'h,g","P'i,h","∆PC,t","∆PC,A'","∆Pg,d","∆Pg,F","∆Pi,g",DW,,DA,,TBlue ,,DNaOH,,DSTPP,,D0,,Tg,Ts,T1014.5,T1013,T107.6,a-30/+70C°,a100/300C°,λ,Cp,Hk,,FA,E,G,μ,sb,er,rv20°C,rv pow1,rv200°C,rv pow2,(∆n/∆T)rel.,,,,,,(∆n/∆T)abs.,,,,,,B(10-12/Pa),Specific Gravity,Bubble,Color,Transmittance at 5mm,,,,,,,,,,,,,,,,,,,Transmittance at 5mm,,,,,,,,,,,,,,,,,,,Transmittance at 10mm,,,,,,,,,,,,,,,,,,,Transmittance at 10mm,,,,,,,,,,,,,,,,,,,Schott,OHARA,MA: Highest           A: Higher,DP: Direct press           RP: Reheat press,
,,,1014(nm),852.1 (nm),768.19 (nm),706.5 (nm),656.27 (nm),643.8 (nm),632.8 (nm),589.3 (nm),587.56 (nm),546.07 (nm),486.1 (nm),479.99 (nm),435.83 (nm),404.66 (nm),365.01 (nm),,,,,,,,,,,,,,,,,,,,,,,,,,,,,,,,,,,,,,,,WT %,Class,WT %,Class,h,Class,mg/(cm²·15H),Class,mg/(cm²·h),Class,10ˉ³mg/(cm²·h),Class,C°,C°,C°,C°,C°,10-7/K,10-7/K,W/(m•K),kJ/(kg•K),,Class,,GPa,GPa,,Mpa,,Ω•cm,,Ω•cm,,-40/-20,-20/  0,0/+20,+20/+40,+40/+60,+60/+80,-40/-20,-20/  0,0/+20,+20/+40,+40/+60,+60/+80,, d,,λ80/λ5,1550,1500,1400,1300,1200,1100,1060,1050,1000,950,900,850,830,800,780,750,700,650,600,550,500,480,460,440,420,400,390,380,370,360,350,340,330,320,310,300,290,280,1550,500,1400,1300,1200,1100,1060,1050,1000,950,900,850,830,800,780,750,700,650,600,550,500,480,460,440,420,400,390,380,370,360,350,340,330,320,310,300,290,280,,,B: Low                   C: Very low,MO: Molded,
,FC5           ,487-704,1.47913,1.48139,1.48283,1.48411,1.48535,1.48569,1.48601,1.48743,1.48749,1.48914,1.49227,1.49266,1.49594,1.49896,1.50405,70.44,70.24,0.006921,0.006964,2.1894054,,-9.9044908,-3,8.6403370,-3,2.2263067,-4,-1.2291942,-5,5.9386349,-7,0.5347,0.1845,0.1796,0.3091,0.2387,0.4521,0.5305,0.4360,0.7356,0.5314,0.1833,0.2278,0.2579,0.2372,0.5049,0.4717,0.4332,0.7311,0.0238,0.0017,0.0101,0.0091,0.0537, 0.54 ,5,5,5,5,5,0.15,3,0.02,2,7.5,3,475,555,461,479,592,94,85,1.010,0.745,525,5,110,58.80,23.60,0.25,,5.6,1.0,15,4.1,15,-1.4,-1.5,-1.5,-1.5,-1.5,,-3.4,-3.2,-3.0,-2.8,-2.6,,2.95,2.45,,31/27,0.996,0.995,0.986,0.999,0.999,0.999,0.999,0.999,0.999,0.999,0.999,0.999,0.999,0.999,0.999,0.999,0.999,0.999,0.999,0.999,0.999,0.999,0.999,0.999,0.999,0.999,0.999,0.997,0.998,0.997,0.996,0.992,0.985,0.968,0.932,0.840,0.660,0.350,0.992,0.991,0.971,0.999,0.999,0.999,0.999,0.999,0.999,0.999,0.999,0.999,0.999,0.999,0.999,0.999,0.999,0.998,0.999,0.999,0.999,0.999,0.998,0.997,0.997,0.998,0.998,0.993,0.996,0.995,0.992,0.984,0.970,0.937,0.868,0.710,0.430,0.120,N-FK5,S-FSL 5,MA,DP,29
,FCD1          ,497-816,1.49008,1.49182,1.49300,1.49408,1.49514,1.49543,1.49571,1.49694,1.49700,1.49845,1.50123,1.50157,1.50451,1.50721,1.51175,81.61,81.20,0.006090,0.006139,2.2181132,,-5.7994270,-3,8.3470679,-3,6.5046523,-5,8.5142186,-6,-5.8852269,-7,0.4800,0.1760,0.1745,0.3054,0.2386,0.4560,0.5387,0.4437,0.7453,0.4763,0.1746,0.2214,0.2547,0.2368,0.5086,0.4783,0.4402,0.7394,-0.0967,-0.0255,0.0476,0.0374,0.1700, 0.07 ,1,0.47,3,10,4,0.64,5,0.82,5,39.7,5,455,485,,,,133,155,0.837,0.636,345,3,410,79.60,31.10,0.28,,9.3,2.0,15,1.5,12,-5.2,-5.4,-5.6,-5.8,-6.0,-6.1,-7.2,-7.2,-7.1,-7.1,-7.1,-7.1,0.74,3.70,,34/29,0.999,0.999,0.999,0.999,0.999,0.999,0.999,0.999,0.999,0.999,0.999,0.999,0.999,0.999,0.999,0.999,0.999,0.999,0.999,0.999,0.999,0.999,0.999,0.999,0.999,0.999,0.999,0.999,0.996,0.989,0.975,0.944,0.890,0.790,0.660,0.520,0.410,0.380,0.999,0.999,0.999,0.999,0.999,0.999,0.999,0.999,0.999,0.999,0.999,0.999,0.999,0.999,0.999,0.999,0.999,0.999,0.999,0.999,0.999,0.999,0.999,0.999,0.999,0.999,0.999,0.999,0.992,0.978,0.950,0.890,0.780,0.620,0.430,0.270,0.170,0.140,              ,S-FPL51,MA,DP,152
,FCD10,457-903,1.45071,1.45218,1.45317,1.45406,1.45495,1.45520,1.45543,1.45645,1.45650,1.45771,1.46001,1.46029,1.46271,1.46493,1.46864,90.27,89.84,0.005057,0.005095,2.1032490,,-5.0247988,-3,6.5323077,-3,1.3078405,-4,-6.3652072,-6,1.9254745,-7,0.4866,0.1771,0.1753,0.3063,0.2388,0.4549,0.5346,0.4382,0.7336,0.4830,0.1758,0.2225,0.2555,0.2371,0.5074,0.4748,0.4349,0.7281,-0.1286,-0.0340,0.0624,0.0489,0.2293, 0.04 ,1,0.27,2,45,2,1.70,5,0.91,5,51.5,5,440,470,,,,142,159,0.733,0.608,360,4,470,71.40,27.50,0.30,46,9.1,8.5,12,6.1,7,-5.1,-5.6,-6.0,-6.4,-6.8,-7.2,-7.1,-7.3,-7.5,-7.7,-7.9,-8.2,0.66,3.60,,33/29,0.999,0.999,0.999,0.999,0.999,0.999,0.998,0.998,0.998,0.998,0.998,0.999,0.999,0.999,0.999,0.999,0.999,0.999,0.999,0.999,0.999,0.999,0.998,0.998,0.998,0.999,0.999,0.998,0.996,0.991,0.980,0.956,0.905,0.820,0.680,0.510,0.320,0.170,0.999,0.999,0.999,0.998,0.998,0.998,0.997,0.996,0.997,0.997,0.997,0.998,0.998,0.998,0.998,0.998,0.998,0.998,0.998,0.999,0.999,0.998,0.997,0.996,0.996,0.998,0.998,0.997,0.992,0.982,0.960,0.914,0.820,0.670,0.470,0.260,0.100,0.030,,S-FPL52,B ,RP,247
,PCD4          ,618-634,1.60697,1.60976,1.61163,1.61334,1.61503,1.61550,1.61594,1.61791,1.61800,1.62032,1.62478,1.62533,1.63004,1.63439,1.64180,63.39,63.11,0.009748,0.009829,2.5807045,,-1.0957538,-2,1.2689430,-2,6.6387812,-4,-6.4849664,-5,3.4787863,-6,0.4784,0.1747,0.1735,0.3046,0.2387,0.4567,0.5400,0.4461,0.7601,0.4745,0.1733,0.2202,0.2541,0.2367,0.5092,0.4793,0.4425,0.7539,-0.0154,-0.0055,0.0081,0.0059,0.0260, 0.01 ,1,1.86,5,,,,,,,,,605,650,,,,92,109,0.678,0.557,445,4,310,72.90,28.10,0.29,,9.0,0.9,15,0.7,14,-2.4,-2.6,-2.6,-2.6,-2.6,-2.5,-4.6,-4.4,-4.2,-4.0,-3.8,-3.6,1.31,3.52,,36/26,0.996,0.996,0.997,0.999,0.999,0.999,0.999,0.999,0.999,0.999,0.999,0.999,0.999,0.999,0.999,0.999,0.999,0.999,0.999,0.999,0.999,0.999,0.999,0.999,0.994,0.992,0.987,0.984,0.973,0.956,0.930,0.880,0.820,0.730,0.630,0.540,0.450,0.380,0.993,0.992,0.994,0.999,0.999,0.999,0.999,0.999,0.999,0.999,0.999,0.999,0.999,0.998,0.999,0.999,0.999,0.999,0.999,0.999,0.999,0.999,0.997,0.997,0.989,0.985,0.975,0.968,0.946,0.915,0.860,0.780,0.670,0.530,0.400,0.290,0.210,0.150,              ,S-PHM52,C ,RP,67
,BSC7          ,517-642,1.50733,1.50980,1.51143,1.51289,1.51432,1.51472,1.51509,1.51673,1.51680,1.51872,1.52237,1.52282,1.52667,1.53022,1.53622,64.20,64.00,0.008050,0.008105,2.2702566,,-9.1988101,-3,1.1609706,-2,-7.6123911,-5,2.8558727,-5,-1.2566486,-6,0.5089,0.1813,0.1779,0.3080,0.2387,0.4533,0.5342,0.4408,0.7455,0.5055,0.1801,0.2257,0.2569,0.2371,0.5060,0.4748,0.4379,0.7404,0.0223,0.0044,0.0007,0.0015,0.0132, 0.21 ,3,0.09,1,> 70 ,1,0.06,2,< 0.01 ,1,< 0.3 ,1,565,630,546,571,724,75,89,1.210,0.749,595,6,100,79.20,32.70,0.21,106,5.8,6.0,14,2.5,11,2.1,2.1,2.2,2.3,2.3,2.4,0.1,0.4,0.7,0.9,1.2,1.4,2.82,2.52,,33/29,0.994,0.996,0.987,0.997,0.998,0.998,0.998,0.998,0.999,0.999,0.999,0.999,0.999,0.999,0.999,0.999,0.999,0.999,0.999,0.999,0.999,0.999,0.999,0.998,0.999,0.999,0.998,0.997,0.997,0.994,0.989,0.977,0.952,0.900,0.800,0.610,0.360,0.140,0.989,0.993,0.974,0.994,0.995,0.995,0.996,0.996,0.997,0.997,0.998,0.998,0.999,0.999,0.999,0.999,0.999,0.998,0.999,0.999,0.998,0.998,0.998,0.997,0.998,0.998,0.997,0.993,0.993,0.988,0.977,0.954,0.907,0.810,0.630,0.380,0.130,0.020,N-BK7,S-BSL 7,MA,DP,10
,E-C3          ,518-590,1.50839,1.51085,1.51252,1.51404,1.51556,1.51598,1.51638,1.51815,1.51823,1.52033,1.52435,1.52485,1.52913,1.53310,1.53989,58.96,58.69,0.008789,0.008866,2.2725452,,-8.4104910,-3,1.1306843,-2,3.7782297,-4,-2.6903423,-5,1.5976489,-6,0.4700,0.1735,0.1727,0.3038,0.2385,0.4577,0.5441,0.4518,0.7726,0.4659,0.1720,0.2190,0.2533,0.2364,0.5103,0.4829,0.4479,0.7659,-0.0051,-0.0022,0.0029,0.0020,0.0049, 0.09 ,2,0.12,1,> 45 ,1,0.03,2,< 0.01 ,1,< 0.3 ,1,510,570,,,,99,121,,,505,5,160,,,,,,,,,,-0.1,0.0,0.0,0.0,-0.1,-0.3,-2.2,-1.8,-1.5,-1.4,-1.3,-1.3,100.00,2.53,,33/29,0.995,0.996,0.998,0.998,0.998,0.998,0.999,0.999,0.999,0.999,0.999,0.999,0.999,0.999,0.999,0.999,0.999,0.999,0.999,0.999,0.999,0.999,0.999,0.999,0.999,0.999,0.999,0.998,0.997,0.994,0.990,0.980,0.957,0.900,0.780,0.550,0.270,0.080,0.991,0.991,0.996,0.996,0.997,0.997,0.998,0.998,0.998,0.998,0.998,0.999,0.999,0.999,0.999,0.999,0.999,0.999,0.999,0.999,0.999,0.999,0.999,0.999,0.999,0.999,0.998,0.996,0.994,0.989,0.979,0.960,0.917,0.820,0.610,0.310,0.080,0.010,,S-NSL 3,B ,RP,30
,BAC4          ,569-560,1.55755,1.56033,1.56225,1.56400,1.56575,1.56624,1.56670,1.56874,1.56883,1.57125,1.57590,1.57648,1.58147,1.58611,1.59402,56.04,55.78,0.010150,0.010242,2.4196645,,-8.3329314,-3,1.5397390,-2,-1.7391654,-4,6.2183220,-5,-3.0621310,-6,0.4628,0.1729,0.1723,0.3032,0.2382,0.4586,0.5484,0.4575,0.7793,0.4586,0.1713,0.2186,0.2527,0.2361,0.5112,0.4867,0.4534,0.7722,0.0003,0.0003,0.0012,0.0011,-0.0086, 0.02 ,1,0.17,1,> 70 ,1,0.03,2,< 0.01 ,1,0.3,1,590,640,568,594,771,54,65,1.190,0.703,615,6,95,80.60,32.20,0.25,122,7.0,1.0,15,2.0,11,6.6,6.7,6.8,7.0,7.3,7.5,4.5,4.9,5.3,5.7,6.1,6.5,3.22,2.85,,35/30,0.997,0.997,0.994,0.999,0.999,0.999,0.999,0.999,0.999,0.999,0.999,0.999,0.999,0.999,0.999,0.999,0.998,0.998,0.998,0.998,0.998,0.997,0.996,0.995,0.995,0.993,0.990,0.984,0.977,0.959,0.927,0.870,0.770,0.620,0.430,0.240,0.100,0.060,0.995,0.995,0.987,0.998,0.998,0.998,0.998,0.998,0.998,0.998,0.998,0.998,0.998,0.998,0.998,0.997,0.997,0.996,0.996,0.997,0.996,0.995,0.993,0.991,0.990,0.985,0.980,0.968,0.954,0.920,0.859,0.750,0.590,0.390,0.180,0.060,0.010,0.000,N-BAK4,S-BAL14,A ,DP,14
,BACD2         ,607-567,1.59560,1.59848,1.60047,1.60231,1.60414,1.60466,1.60514,1.60729,1.60738,1.60994,1.61485,1.61547,1.62072,1.62561,1.63394,56.71,56.43,0.010710,0.010809,2.5393255,,-8.7207883,-3,1.5909566,-2,8.8163036,-5,2.5876593,-5,-1.1733523,-6,0.4549,0.1714,0.1714,0.3027,0.2383,0.4590,0.5480,0.4563,0.7779,0.4507,0.1698,0.2175,0.2523,0.2361,0.5115,0.4862,0.4521,0.7708,-0.0132,-0.0029,0.0029,0.0019,-0.0051, 0.09 ,2,3.00,3,25,3,0.09,2,0.02,2,1.5,2,645,700,,,,63,66,,,570,6,130,77.00,30.30,0.27,,,,,,,4.0,3.9,4.0,4.0,4.2,4.3,1.8,2.1,2.4,2.6,2.9,3.2,2.29,3.53,,35/30,0.997,0.997,0.994,0.998,0.998,0.998,0.998,0.998,0.998,0.999,0.999,0.999,0.999,0.999,0.999,0.999,0.999,0.999,0.999,0.999,0.999,0.999,0.997,0.997,0.996,0.994,0.991,0.984,0.975,0.953,0.910,0.840,0.710,0.520,0.500,0.030,0.000,0.000,0.994,0.995,0.988,0.997,0.997,0.997,0.997,0.997,0.997,0.998,0.998,0.998,0.998,0.999,0.999,0.999,0.997,0.997,0.999,0.999,0.999,0.997,0.994,0.994,0.992,0.987,0.982,0.969,0.951,0.908,0.830,0.700,0.510,0.270,0.250,0.000,0.000,0.000,N-SK2,S-BSM 2,C ,RP,32
,BACD4         ,613-586,1.60105,1.60395,1.60592,1.60774,1.60954,1.61005,1.61052,1.61262,1.61272,1.61521,1.62000,1.62060,1.62570,1.63043,1.63850,58.58,58.30,0.010460,0.010552,2.5584621,,-9.7457283,-3,1.5110495,-2,2.3273333,-4,1.1137249,-6,1.6424767,-7,0.4660,0.1732,0.1726,0.3037,0.2384,0.4578,0.5447,0.4524,0.7714,0.4620,0.1717,0.2190,0.2532,0.2364,0.5104,0.4834,0.4485,0.7647,-0.0078,-0.0022,0.0028,0.0019,0.0010, 0.06 ,2,0.75,4,10,4,0.21,4,0.01,1,4.7,2,645,690,631,649,768,66,77,,,560,6,140,81.20,32.00,0.27,,,,,,,2.4,2.5,2.6,2.6,2.7,2.8,0.2,0.6,1.0,1.2,1.5,1.7,1.93,3.58,,36/30,0.996,0.996,0.992,0.998,0.998,0.998,0.998,0.999,0.999,0.999,0.999,0.999,0.999,0.999,0.999,0.999,0.999,0.999,0.999,0.999,0.999,0.999,0.999,0.999,0.998,0.994,0.992,0.985,0.973,0.949,0.910,0.830,0.710,0.540,0.350,0.180,0.040,0.000,0.991,0.991,0.984,0.996,0.996,0.996,0.996,0.998,0.998,0.998,0.998,0.998,0.998,0.998,0.998,0.999,0.999,0.999,0.999,0.999,0.999,0.997,0.997,0.997,0.996,0.989,0.983,0.971,0.946,0.901,0.820,0.690,0.510,0.300,0.130,0.030,0.000,0.000,N-SK4,S-BSM 4,B ,RP,27
,BACD5         ,589-613,1.57814,1.58092,1.58280,1.58450,1.58619,1.58666,1.58710,1.58904,1.58913,1.59142,1.59581,1.59635,1.60100,1.60531,1.61262,61.25,61.01,0.009618,0.009694,2.4861499,,-9.5684845,-3,1.4685059,-2,-1.1216487,-4,4.1978777,-5,-1.8856190,-6,0.4845,0.1771,0.1752,0.3058,0.2385,0.4557,0.5402,0.4478,0.7601,0.4807,0.1757,0.2222,0.2550,0.2367,0.5084,0.4798,0.4443,0.7542,0.0046,0.0010,0.0023,0.0023,0.0087, 0.06 ,2,0.47,3,25,3,0.13,3,0.02,2,1.5,2,615,650,600,620,747,57,66,1.060,0.590,615,6,100,87.00,34.60,0.25,94,6.8,1.8,16,0.7,15,3.5,3.5,3.5,3.6,3.7,3.9,1.3,1.6,1.9,2.2,2.5,2.8,100.00,3.27,,35/29,0.997,0.997,0.990,0.999,0.999,0.999,0.999,0.999,0.999,0.999,0.999,0.999,0.999,0.999,0.999,0.999,0.999,0.999,0.999,0.999,0.999,0.999,0.999,0.999,0.998,0.997,0.995,0.992,0.987,0.976,0.956,0.920,0.860,0.750,0.610,0.420,0.240,0.120,0.994,0.994,0.980,0.998,0.998,0.998,0.998,0.998,0.998,0.998,0.998,0.998,0.998,0.998,0.998,0.998,0.998,0.998,0.998,0.999,0.999,0.998,0.997,0.997,0.996,0.993,0.991,0.985,0.974,0.952,0.914,0.850,0.740,0.570,0.370,0.080,0.060,0.010,N-SK5,S-BAL35,MA,DP,13
,E-BACD10      ,623-569,1.61072,1.61370,1.61574,1.61762,1.61949,1.62001,1.62051,1.62270,1.62280,1.62541,1.63043,1.63106,1.63642,1.64139,1.64991,56.91,56.62,0.010943,0.011045,2.5906326,,-1.0608994,-2,1.4490916,-2,6.7542247,-4,-5.5303116,-5,3.0061364,-6,0.4592,0.1712,0.1713,0.3026,0.2384,0.4590,0.5469,0.4545,0.7781,0.4550,0.1696,0.2172,0.2522,0.2362,0.5115,0.4851,0.4503,0.7709,-0.0102,-0.0035,0.0023,0.0012,-0.0049, 0.02 ,1,0.82,4,10,4,< 0.01 ,1,0.05,2,< 0.3 ,1,630,685,597,613,777,67,80,,,535,5,140,80.20,31.50,0.28,,,,,,,2.4,2.5,2.7,2.8,3.0,3.2,0.2,0.7,1.1,1.4,1.8,2.1,100.00,3.66,,35/30,0.997,0.997,0.996,0.999,0.999,0.999,0.999,0.999,0.999,0.999,0.999,0.999,0.999,0.999,0.999,0.999,0.999,0.999,0.999,0.999,0.999,0.999,0.999,0.999,0.999,0.997,0.994,0.991,0.983,0.968,0.940,0.890,0.810,0.680,0.500,0.280,0.110,0.030,0.995,0.994,0.992,0.998,0.999,0.999,0.999,0.999,0.999,0.999,0.999,0.999,0.999,0.999,0.999,0.999,0.999,0.999,0.999,0.999,0.999,0.999,0.999,0.998,0.998,0.994,0.989,0.983,0.967,0.938,0.884,0.800,0.660,0.470,0.250,0.080,0.010,0.000,,S-BSM10,B ,RP,35
,BACD11        ,564-608,1.55334,1.55598,1.55777,1.55940,1.56101,1.56146,1.56188,1.56376,1.56384,1.56605,1.57028,1.57081,1.57529,1.57945,1.58655,60.83,60.58,0.009269,0.009344,2.4095163,,-9.1904415,-3,1.2939968,-2,2.3461430,-4,-1.1130589,-5,1.0131863,-6,0.4780,0.1755,0.1742,0.3051,0.2386,0.4563,0.5407,0.4483,0.7661,0.4741,0.1741,0.2210,0.2544,0.2367,0.5089,0.4801,0.4447,0.7600,-0.0024,-0.0010,0.0025,0.0020,0.0116, 0.04 ,1,0.20,2,45,2,0.06,2,< 0.01 ,1,0.3,1,600,650,,,,66,75,,,605,6,120,79.50,32.10,0.24,,,,,,,2.9,2.9,3.0,3.1,3.2,3.4,0.8,1.1,1.4,1.7,2.0,2.3,2.48,3.07,,34/29,0.996,0.996,0.989,0.998,0.998,0.998,0.998,0.998,0.998,0.998,0.999,0.999,0.999,0.999,0.999,0.999,0.999,0.999,0.999,0.999,0.999,0.999,0.999,0.999,0.997,0.997,0.994,0.991,0.987,0.975,0.952,0.906,0.830,0.680,0.470,0.220,0.050,0.000,0.991,0.992,0.979,0.996,0.996,0.997,0.997,0.997,0.997,0.997,0.998,0.998,0.998,0.999,0.999,0.999,0.999,0.999,0.999,0.999,0.999,0.999,0.997,0.997,0.994,0.993,0.989,0.982,0.975,0.950,0.906,0.821,0.680,0.470,0.220,0.050,0.000,0.000,,S-BAL41,B ,RP,31
,BACD14        ,603-607,1.59182,1.59470,1.59662,1.59836,1.60009,1.60057,1.60102,1.60302,1.60311,1.60548,1.61002,1.61059,1.61540,1.61984,1.62742,60.69,60.43,0.009937,0.010020,2.5335256,,-1.1903338,-2,1.2257249,-2,7.9172149,-4,-7.7381829,-5,3.9935441,-6,0.4833,0.1750,0.1735,0.3044,0.2386,0.4570,0.5409,0.4472,0.7626,0.4793,0.1736,0.2202,0.2539,0.2366,0.5095,0.4801,0.4435,0.7563,0.0024,-0.0020,0.0031,0.0020,0.0057, 0.10 ,3,0.73,4,5,5,0.34,5,0.04,2,17.0,5,645,680,,,763,60,72,,,585,6,130,83.60,33.00,0.26,,,,,,,1.9,1.8,2.0,2.0,2.1,2.2,-0.3,0.0,0.4,0.6,0.9,1.1,2.04,3.43,,35/30,0.996,0.996,0.991,0.999,0.999,0.999,0.999,0.999,0.999,0.999,0.999,0.999,0.999,0.999,0.999,0.999,0.999,0.999,0.999,0.999,0.999,0.998,0.997,0.996,0.996,0.994,0.992,0.987,0.976,0.957,0.920,0.860,0.750,0.600,0.410,0.220,0.080,0.000,0.993,0.992,0.983,0.998,0.998,0.998,0.998,0.999,0.999,0.999,0.999,0.999,0.999,0.999,0.999,0.999,0.999,0.999,0.999,0.999,0.999,0.996,0.994,0.993,0.992,0.989,0.985,0.973,0.952,0.915,0.850,0.740,0.560,0.350,0.170,0.050,0.010,0.000,,S-BSM14,A ,RP,27
,BACD15        ,623-581,1.61104,1.61397,1.61600,1.61787,1.61973,1.62025,1.62074,1.62290,1.62299,1.62555,1.63045,1.63106,1.63628,1.64115,1.64946,58.12,57.87,0.010719,0.010809,2.5864832,,-8.0357829,-3,1.8080573,-2,-4.5974172,-4,8.8484321,-5,-3.7544765,-6,0.4628,0.1742,0.1736,0.3046,0.2384,0.4570,0.5444,0.4539,0.7754,0.4590,0.1728,0.2202,0.2540,0.2364,0.5096,0.4834,0.4501,0.7690,-0.0068,0.0004,0.0005,0.0008,0.0024, 0.09 ,2,1.10,4,10,4,0.07,2,0.05,2,11.0,4,655,695,641,659,771,61,74,0.833,0.515,595,6,130,87.10,34.30,0.27,,8.1,2.5,15,1.7,15,3.1,2.9,2.9,2.9,2.9,3.0,0.9,1.1,1.3,1.5,1.7,1.9,1.99,3.55,,36/30,0.997,0.996,0.992,0.999,0.999,0.999,0.998,0.998,0.998,0.998,0.998,0.998,0.999,0.999,0.999,0.999,0.999,0.998,0.998,0.999,0.999,0.999,0.998,0.997,0.997,0.995,0.993,0.988,0.979,0.963,0.930,0.880,0.780,0.650,0.470,0.280,0.120,0.060,0.993,0.993,0.984,0.997,0.997,0.997,0.996,0.996,0.996,0.996,0.996,0.996,0.997,0.997,0.998,0.998,0.997,0.997,0.997,0.998,0.997,0.997,0.996,0.995,0.994,0.991,0.986,0.975,0.959,0.927,0.870,0.770,0.620,0.430,0.220,0.080,0.010,0.000,N-SK15,S-BSM15,MA,RP,28
,BACD16        ,620-603,1.60865,1.61165,1.61366,1.61547,1.61727,1.61777,1.61824,1.62032,1.62041,1.62286,1.62755,1.62813,1.63310,1.63768,1.64550,60.34,60.10,0.010281,0.010363,2.5859898,,-1.1940432,-2,1.3995502,-2,4.8974502,-4,-3.9120717,-5,2.2611915,-6,0.4872,0.1765,0.1746,0.3054,0.2386,0.4560,0.5393,0.4461,0.7604,0.4833,0.1751,0.2216,0.2547,0.2367,0.5086,0.4789,0.4426,0.7544,0.0105,0.0010,-0.0003,-0.0003,-0.0007, 0.22 ,3,1.75,5, +,0,0.11,3,0.20,2,11.1,4,645,685,633,649,745,60,72,,,575,6,130,88.30,34.80,0.27,,,,,,,2.3,2.3,2.3,2.4,2.5,2.6,0.1,0.4,0.7,1.0,1.3,1.5,100.00,3.52,,36/30,0.995,0.995,0.992,0.999,0.999,0.999,0.999,0.999,0.999,0.999,0.999,0.999,0.999,0.999,0.999,0.999,0.999,0.999,0.999,0.999,0.999,0.998,0.997,0.997,0.996,0.994,0.991,0.986,0.975,0.956,0.920,0.860,0.770,0.630,0.470,0.290,0.130,0.030,0.990,0.990,0.984,0.999,0.999,0.999,0.999,0.999,0.999,0.999,0.999,0.999,0.999,0.999,0.999,0.999,0.997,0.997,0.997,0.997,0.997,0.996,0.994,0.994,0.993,0.987,0.982,0.973,0.952,0.914,0.847,0.740,0.590,0.400,0.220,0.080,0.020,0.000,N-SK16,S-BSM16,MA,DP,23
,BACD18        ,639-555,1.62585,1.62895,1.63110,1.63308,1.63505,1.63561,1.63613,1.63844,1.63854,1.64129,1.64657,1.64723,1.65287,1.65813,1.66715,55.45,55.18,0.011516,0.011621,2.6365277,,-9.7558464,-3,1.7143665,-2,2.2592497,-4,3.0855342,-6,4.5831917,-7,0.4560,0.1716,0.1716,0.3030,0.2384,0.4587,0.5473,0.4564,0.7834,0.4518,0.1701,0.2178,0.2525,0.2362,0.5112,0.4857,0.4523,0.7763,-0.0057,-0.0009,-0.0010,-0.0011,-0.0107, 0.03 ,1,0.76,4,10,4,0.08,2,0.05,2,9.9,3,620,670,605,625,746,69,80,,,590,6,150,81.70,31.90,0.28,,,,,,,2.3,2.3,2.4,2.4,2.6,2.7,0.1,0.4,0.7,1.0,1.3,1.5,1.77,3.66,,36/32,0.996,0.996,0.995,0.998,0.998,0.998,0.998,0.998,0.998,0.998,0.998,0.999,0.999,0.999,0.999,0.999,0.998,0.998,0.998,0.998,0.998,0.995,0.994,0.992,0.992,0.987,0.981,0.969,0.947,0.910,0.830,0.700,0.480,0.190,0.000,0.000,0.000,0.000,0.992,0.992,0.990,0.997,0.997,0.996,0.996,0.996,0.996,0.997,0.997,0.997,0.997,0.998,0.998,0.998,0.997,0.997,0.997,0.997,0.995,0.991,0.988,0.985,0.984,0.974,0.962,0.939,0.900,0.820,0.690,0.490,0.230,0.040,0.000,0.000,0.000,0.000,,S-BSM18,A ,RP,29
,BACED5        ,658-509,1.64452,1.64784,1.65018,1.65235,1.65454,1.65516,1.65574,1.65832,1.65844,1.66152,1.66749,1.66824,1.67471,1.68080,1.69138,50.85,50.57,0.012948,0.013082,2.6934245,,-8.6370140,-3,2.0496450,-2,-9.3205453,-5,6.2709747,-5,-2.0834652,-6,0.4368,0.1681,0.1692,0.3006,0.2380,0.4615,0.5574,0.4704,0.8172,0.4323,0.1664,0.2146,0.2504,0.2355,0.5141,0.4944,0.4656,0.8088,-0.0093,-0.0012,0.0010,0.0007,-0.0036, 0.02 ,1,0.47,3,25,3,0.03,2,< 0.01 ,1,1.0,2,600,660,,,742,72,86,0.896,0.553,580,6,150,93.50,36.60,0.28,99,9.0,,,,,3.5,3.6,3.6,3.7,3.9,4.0,1.3,1.6,2.0,2.3,2.6,2.9,1.89,3.64,,37/33,0.998,0.998,0.997,0.999,0.999,0.999,0.999,0.999,0.999,0.999,0.999,0.999,0.999,0.999,0.999,0.998,0.998,0.998,0.998,0.999,0.998,0.998,0.996,0.995,0.995,0.990,0.984,0.971,0.947,0.890,0.770,0.570,0.310,0.110,0.000,0.000,0.000,0.000,0.995,0.995,0.995,0.998,0.999,0.999,0.998,0.998,0.998,0.998,0.998,0.999,0.998,0.998,0.998,0.998,0.997,0.996,0.997,0.998,0.997,0.995,0.993,0.991,0.989,0.980,0.967,0.943,0.897,0.790,0.590,0.320,0.100,0.010,0.000,0.000,0.000,0.000,N-SSK5,S-BSM25,A ,RP,29
,E-BACED20     ,649-530,1.63528,1.63846,1.64069,1.64275,1.64482,1.64540,1.64595,1.64839,1.64850,1.65141,1.65705,1.65775,1.66380,1.66943,1.67910,53.03,52.74,0.012229,0.012351,2.6667537,,-9.7319259,-3,1.7436284,-2,4.7558015,-4,-1.7144989,-5,1.1049589,-6,0.4420,0.1685,0.1694,0.3011,0.2382,0.4607,0.5520,0.4609,0.7904,0.4376,0.1669,0.2150,0.2509,0.2359,0.5132,0.4894,0.4563,0.7826,-0.0137,-0.0033,0.0000,-0.0008,-0.0206, 0.03 ,1,0.40,3,45,2,0.06,2,< 0.01 ,1,2.8,2,615,670,,,,70,78,,,580,6,160,,,,,,,,,,3.2,3.2,3.2,3.3,3.4,3.5,1.0,1.3,1.6,1.9,2.2,2.4,100.00,3.68,,36/30,0.998,0.998,0.997,0.999,0.999,0.999,0.999,0.999,0.999,0.999,0.999,0.999,0.999,0.999,0.999,0.999,0.999,0.999,0.999,0.999,0.998,0.998,0.997,0.996,0.995,0.992,0.989,0.983,0.972,0.950,0.910,0.840,0.730,0.570,0.380,0.190,0.070,0.020,0.995,0.995,0.994,0.997,0.997,0.997,0.997,0.998,0.998,0.998,0.998,0.998,0.998,0.998,0.998,0.997,0.997,0.997,0.997,0.997,0.996,0.995,0.994,0.992,0.990,0.984,0.978,0.966,0.945,0.903,0.820,0.700,0.530,0.320,0.140,0.040,0.010,0.000,              ,S-BSM71,C ,RP,45
,LACL60        ,640-602,1.62759,1.63083,1.63296,1.63486,1.63674,1.63726,1.63775,1.63990,1.64000,1.64254,1.64737,1.64797,1.65307,1.65777,1.66577,60.20,60.00,0.010631,0.010709,2.6490884,,-1.4159869,-2,1.4451135,-2,5.2707873,-4,-4.3447523,-5,2.4612971,-6,0.5048,0.1794,0.1764,0.3068,0.2387,0.4545,0.5360,0.4424,0.7527,0.5011,0.1781,0.2238,0.2559,0.2369,0.5072,0.4761,0.4392,0.7472,0.0334,0.0059,-0.0054,-0.0039,-0.0134, 0.24 ,3,1.10,4,5,5,1.70,5,2.44,5,46.7,5,655,690,,,,60,75,1.000,0.695,665,7,90,105.80,41.30,0.28,,8.0,5.5,15,5.7,15,3.1,3.0,3.1,3.1,3.3,3.5,0.9,1.1,1.4,1.7,2.0,2.3,100.00,3.02,,35/28,0.997,0.996,0.995,0.999,0.999,0.999,0.999,0.999,0.999,0.999,0.999,0.999,0.999,0.999,0.999,0.999,0.999,0.999,0.998,0.999,0.999,0.998,0.997,0.996,0.995,0.993,0.990,0.984,0.976,0.960,0.940,0.900,0.840,0.760,0.650,0.540,0.410,0.280,0.993,0.992,0.991,0.998,0.998,0.998,0.998,0.998,0.998,0.998,0.998,0.999,0.998,0.998,0.998,0.998,0.998,0.997,0.997,0.998,0.997,0.996,0.994,0.993,0.990,0.985,0.979,0.969,0.952,0.922,0.870,0.800,0.700,0.570,0.430,0.290,0.170,0.080,(N-LAK21),S-BSM81,B ,RP,89
,LAC7          ,652-584,1.63899,1.64220,1.64434,1.64628,1.64821,1.64875,1.64925,1.65150,1.65160,1.65426,1.65936,1.66000,1.66538,1.67035,1.67884,58.40,58.15,0.011157,0.011251,2.6876223,,-1.4375187,-2,1.2545954,-2,1.4642295,-3,-1.6982461,-4,8.8048639,-6,0.4796,0.1739,0.1728,0.3041,0.2388,0.4572,0.5396,0.4449,0.7610,0.4756,0.1724,0.2193,0.2536,0.2368,0.5097,0.4788,0.4412,0.7546,0.0075,-0.0011,-0.0031,-0.0035,-0.0185, 0.31 ,4,1.22,5,  +,0,0.20,3,1.56,5,54.8,5,645,665,,,,69,90,,,580,6,150,98.30,38.20,0.29,,,,,,,1.9,1.9,1.9,1.9,2.0,2.1,-0.3,0.0,0.2,0.5,0.8,1.0,1.88,3.62,,37/30,0.995,0.995,0.995,0.998,0.998,0.998,0.998,0.998,0.998,0.998,0.999,0.998,0.998,0.998,0.998,0.998,0.999,0.999,0.999,0.999,0.999,0.998,0.997,0.996,0.994,0.991,0.985,0.977,0.957,0.920,0.870,0.790,0.660,0.510,0.350,0.220,0.100,0.040,0.991,0.991,0.989,0.996,0.996,0.996,0.996,0.996,0.996,0.996,0.996,0.996,0.997,0.997,0.997,0.998,0.999,0.999,0.999,0.999,0.999,0.996,0.994,0.991,0.989,0.981,0.970,0.954,0.915,0.850,0.750,0.620,0.430,0.260,0.120,0.050,0.010,0.000,,S-LAL 7,C ,RP,52
,LAC8          ,713-539,1.69813,1.70186,1.70438,1.70669,1.70898,1.70962,1.71022,1.71288,1.71300,1.71615,1.72220,1.72295,1.72939,1.73537,1.74559,53.94,53.72,0.013219,0.013332,2.8778537,,-1.3832906,-2,2.0301185,-2,2.7759871,-4,5.9059830,-6,1.7747647,-7,0.4730,0.1744,0.1733,0.3042,0.2384,0.4574,0.5441,0.4524,0.7731,0.4690,0.1729,0.2198,0.2536,0.2364,0.5100,0.4830,0.4486,0.7665,0.0228,0.0054,-0.0089,-0.0070,-0.0384, 0.02 ,1,0.96,4,  +,0,< 0.01 ,1,0.27,3,5.3,3,640,670,631,642,709,57,70,0.946,0.553,750,7,70,112.10,43.20,0.30,111,8.7,1.0,15,1.0,15,4.5,4.6,4.8,5.0,5.2,,2.2,2.6,3.0,3.5,4.0,,1.84,3.88,,36/28,0.995,0.995,0.995,0.999,0.999,0.999,0.999,0.999,0.999,0.999,0.999,0.999,0.999,0.999,0.999,0.999,0.999,0.999,0.999,0.999,0.999,0.999,0.998,0.997,0.996,0.994,0.992,0.988,0.981,0.971,0.950,0.920,0.870,0.790,0.670,0.470,0.230,0.060,0.991,0.990,0.990,0.999,0.999,0.999,0.999,0.999,0.998,0.998,0.998,0.998,0.999,0.999,0.998,0.998,0.999,0.999,0.999,0.999,0.999,0.998,0.997,0.994,0.992,0.988,0.984,0.976,0.962,0.942,0.900,0.850,0.760,0.630,0.450,0.220,0.050,0.000,N-LAK8,S-LAL 8,MA,DP,62
,LAC9          ,691-547,1.67674,1.68033,1.68275,1.68496,1.68715,1.68776,1.68833,1.69088,1.69100,1.69401,1.69978,1.70050,1.70663,1.71231,1.72209,54.70,54.48,0.012633,0.012739,2.8081523,,-1.4167885,-2,1.7693707,-2,7.6788759,-4,-7.4886174,-5,4.7044756,-6,0.4759,0.1746,0.1735,0.3045,0.2386,0.4569,0.5418,0.4500,0.7740,0.4720,0.1731,0.2201,0.2359,0.2366,0.5094,0.4810,0.4463,0.7676,0.0225,0.0048,-0.0098,-0.0079,-0.0332, 0.02 ,1,,5,  +,0,0.03,2,0.65,5,11.0,4,625,650,617,627,690,58,78,,,695,7,70,102.90,40.30,0.28,,,,,,,5.0,5.1,5.2,5.3,5.4,5.6,2.7,3.1,3.5,3.8,4.2,4.4,2.02,3.65,,36/28,0.997,0.997,0.996,0.999,0.999,0.999,0.999,0.999,0.999,0.999,0.999,0.999,0.999,0.999,0.999,0.999,0.999,0.999,0.999,0.999,0.999,0.999,0.998,0.997,0.995,0.992,0.989,0.985,0.975,0.958,0.926,0.883,0.822,0.743,0.650,0.551,0.449,0.343,0.995,0.993,0.992,0.998,0.999,0.999,0.999,0.999,0.999,0.999,0.999,0.999,0.999,0.999,0.999,0.999,0.999,0.999,0.999,0.999,0.999,0.999,0.997,0.995,0.990,0.985,0.979,0.970,0.950,0.917,0.858,0.780,0.675,0.552,0.422,0.303,0.201,0.110,N-LAK9,S-LAL 9,C ,RP,58
,LAC10         ,720-503,1.70442,1.70818,1.71081,1.71324,1.71568,1.71636,1.71700,1.71987,1.72000,1.72341,1.72998,1.73080,1.73785,1.74443,1.75579,50.34,50.10,0.014302,0.014439,2.8951998,,-1.1701218,-2,2.2126485,-2,3.8494791,-4,-7.9808302,-6,1.5035116,-6,0.4467,0.1699,0.1705,0.3020,0.2383,0.4597,0.5501,0.4602,0.7943,0.4425,0.1683,0.2163,0.2517,0.2361,0.5122,0.4880,0.4558,0.7867,0.0061,0.0025,-0.0089,-0.0075,-0.0412, 0.03 ,1,0.78,4,10,4,< 0.01 ,1,0.42,4,4.5,2,620,655,611,623,696,74,86,,,650,7,110,100.20,39.30,0.28,,,,,,,3.0,2.9,2.8,2.9,3.0,3.1,0.7,0.9,1.1,1.4,1.7,2.0,1.87,3.87,,37/31,0.998,0.998,0.999,0.999,0.999,0.999,0.999,0.999,0.999,0.999,0.999,0.999,0.999,0.999,0.999,0.999,0.998,0.998,0.998,0.998,0.998,0.998,0.997,0.997,0.996,0.993,0.989,0.985,0.975,0.958,0.926,0.879,0.807,0.690,0.492,0.214,0.030,0.000,0.997,0.997,0.998,0.999,0.999,0.999,0.999,0.999,0.999,0.999,0.999,0.999,0.999,0.999,0.999,0.998,0.996,0.996,0.996,0.996,0.996,0.996,0.994,0.994,0.991,0.985,0.979,0.970,0.950,0.917,0.858,0.772,0.650,0.476,0.242,0.046,0.000,0.000,N-LAK10,S-LAL10,B ,RP,60
,LAC12         ,678-555,1.66439,1.66771,1.66999,1.67210,1.67420,1.67479,1.67534,1.67779,1.67790,1.68081,1.68641,1.68710,1.69306,1.69860,1.70808,55.52,55.26,0.012211,0.012319,2.7634844,,-1.1068339,-2,1.8246442,-2,3.7697356,-4,-1.7788655,-5,1.5314262,-6,0.4590,0.1722,0.1720,0.3034,0.2385,0.4581,0.5451,0.4533,0.7765,0.4550,0.1707,0.2183,0.2530,0.2364,0.5107,0.4837,0.4493,0.7696,-0.0021,0.0000,-0.0035,-0.0032,-0.0202, 0.14 ,3,0.99,4,5,5,0.15,3,2.79,5,47.8,5,635,670,624,638,723,77,92,,,590,6,150,93.90,36.40,0.29,,,,,,,1.0,0.8,0.9,0.9,0.9,0.9,-1.3,-1.1,-0.8,-0.6,-0.4,-0.2,1.60,3.80,,37/31,0.996,0.997,0.997,0.999,0.999,0.999,0.999,0.999,0.998,0.999,0.999,0.999,0.999,0.999,0.999,0.999,0.999,0.999,0.999,0.999,0.999,0.997,0.997,0.994,0.993,0.990,0.975,0.958,0.930,0.870,0.770,0.640,0.470,0.300,0.170,0.090,0.040,0.000,0.993,0.993,0.994,0.998,0.998,0.998,0.998,0.997,0.997,0.997,0.997,0.998,0.998,0.998,0.998,0.998,0.999,0.999,0.999,0.999,0.999,0.994,0.994,0.989,0.986,0.980,0.951,0.917,0.860,0.760,0.600,0.410,0.220,0.090,0.030,0.010,0.000,0.000,(N-LAK12),S-LAL12,B ,RP,55
,LAC13         ,694-533,1.67895,1.68258,1.68505,1.68731,1.68955,1.69018,1.69077,1.69339,1.69350,1.69660,1.70256,1.70330,1.70965,1.71555,1.72565,53.34,53.12,0.013001,0.013115,2.8125316,,-1.2915271,-2,1.9960339,-2,1.9877888,-4,1.7647061,-5,-4.4767632,-7,0.4691,0.1737,0.1729,0.3038,0.2384,0.4578,0.5455,0.4542,0.7766,0.4651,0.1722,0.2193,0.2533,0.2363,0.5104,0.4842,0.4502,0.7699,0.0206,0.0050,-0.0084,-0.0067,-0.0384, 0.04 ,1,0.85,4,10,4,0.01,1,0.22,2,5.4,3,635,675,630,636,673,53,66,,,700,7,70,104.50,45.00,0.27,,,,,,,5.3,5.3,5.3,5.4,5.5,5.7,3.0,3.3,3.7,4.0,4.3,4.5,2.08,3.56,,37/30,0.994,0.993,0.991,0.999,0.999,0.999,0.999,0.999,0.999,0.999,0.999,0.999,0.999,0.999,0.999,0.999,0.999,0.999,0.999,0.999,0.998,0.998,0.998,0.997,0.995,0.990,0.985,0.976,0.960,0.930,0.890,0.820,0.720,0.590,0.390,0.160,0.060,0.000,0.988,0.986,0.982,0.998,0.999,0.999,0.999,0.999,0.999,0.999,0.999,0.999,0.999,0.999,0.999,0.999,0.999,0.998,0.998,0.999,0.997,0.996,0.995,0.993,0.990,0.980,0.970,0.952,0.921,0.870,0.790,0.670,0.520,0.340,0.160,0.030,0.000,0.000,,S-LAL13,C ,RP,55
,LAC14         ,697-555,1.68250,1.68612,1.68856,1.69078,1.69297,1.69358,1.69415,1.69669,1.69680,1.69980,1.70553,1.70625,1.71235,1.71801,1.72765,55.46,55.25,0.012564,0.012667,2.8255229,,-1.3632902,-2,1.9791402,-2,1.5032564,-5,4.0761368,-5,-1.7527267,-6,0.4825,0.1762,0.1745,0.3051,0.2384,0.4565,0.5425,0.4506,0.7672,0.4786,0.1748,0.2213,0.2544,0.2365,0.5091,0.4817,0.4469,0.7610,0.0282,0.0065,-0.0080,-0.0059,-0.0327, 0.01 ,1,1.03,4,  +,0,< 0.01 ,1,0.15,2,5.1,3,645,675,637,647,708,59,71,0.942,0.582,690,7,80,110.80,42.90,0.29,,9.1,3.3,16,4.2,15,3.8,3.8,3.8,3.9,4.0,4.2,1.6,1.8,2.1,2.4,2.7,3.0,1.81,3.67,,35/26,0.997,0.997,0.997,0.999,0.999,0.999,0.999,0.999,0.999,0.999,0.999,0.999,0.999,0.999,0.999,0.999,0.998,0.999,0.999,0.999,0.999,0.998,0.998,0.996,0.995,0.993,0.992,0.989,0.983,0.973,0.956,0.930,0.897,0.851,0.794,0.728,0.656,0.570,0.994,0.993,0.993,0.999,0.999,0.999,0.999,0.999,0.999,0.999,0.999,0.999,0.998,0.999,0.999,0.999,0.999,0.999,0.998,0.999,0.998,0.997,0.996,0.993,0.991,0.986,0.985,0.977,0.965,0.947,0.913,0.866,0.805,0.725,0.630,0.531,0.430,0.324,,S-LAL14,MA,DN,52
,TAC2          ,741-526,1.72533,1.72922,1.73187,1.73430,1.73672,1.73740,1.73804,1.74087,1.74100,1.74436,1.75081,1.75161,1.75848,1.76485,1.77580,52.60,52.38,0.014087,0.014212,2.9717137,,-1.4952593,-2,2.0162868,-2,9.4072283,-4,-8.8614104,-5,5.3191242,-6,0.4642,0.1724,0.1721,0.3034,0.2385,0.4580,0.5444,0.4523,0.7773,0.4601,0.1709,0.2184,0.2530,0.2364,0.5106,0.4830,0.4484,0.7705,0.0171,0.0038,-0.0109,-0.0092,-0.0461, 0.02 ,1,0.97,4,45,2,0.01,1,0.07,2,4.2,2,655,685,,,,52,70,,,715,7,70,117.10,45.10,0.30,,,,,,,6.6,6.7,6.8,6.9,7.0,7.2,4.3,4.7,5.1,5.4,5.7,6.1,1.56,4.19,,37/29,0.996,0.996,0.996,0.999,0.999,0.999,0.999,0.999,0.999,0.999,0.999,0.999,0.999,0.999,0.999,0.999,0.999,0.999,0.999,0.999,0.999,0.997,0.993,0.992,0.988,0.982,0.972,0.959,0.940,0.900,0.840,0.750,0.640,0.520,0.380,0.280,0.180,0.070,0.992,0.993,0.993,0.999,0.999,0.999,0.999,0.998,0.999,0.999,0.999,0.998,0.998,0.998,0.998,0.997,0.996,0.996,0.996,0.996,0.996,0.994,0.987,0.984,0.977,0.965,0.944,0.920,0.870,0.800,0.700,0.570,0.410,0.270,0.040,0.080,0.030,0.010,              ,S-LAL61,B ,RP,153
,TAC4          ,734-511,1.71807,1.72200,1.72470,1.72718,1.72965,1.73034,1.73099,1.73387,1.73400,1.73742,1.74403,1.74485,1.75193,1.75853,1.76975,51.05,50.82,0.014377,0.014511,2.9425645,,-1.3266554,-2,2.3559223,-2,-1.6399009,-4,9.2370759,-5,-4.8615982,-6,0.4613,0.1722,0.1718,0.3027,0.2381,0.4592,0.5500,0.4589,0.7805,0.4570,0.1706,0.2178,0.2522,0.2359,0.5118,0.4880,0.4546,0.7732,0.0209,0.0052,-0.0081,-0.0064,-0.0501, 0.01 ,1,0.94,4,25,3,0.01,1,0.13,2,3.5,2,630,655,,,,52,67,,,765,7,60,112.50,43.30,0.30,,,,,,,6.6,6.6,6.6,6.7,6.9,7.1,4.2,4.6,5.0,5.4,5.7,6.1,2.06,4.06,,37/29,0.995,0.995,0.996,0.999,0.999,0.999,0.999,0.999,0.999,0.999,0.999,0.999,0.999,0.999,0.999,0.999,0.999,0.999,0.999,0.999,0.999,0.999,0.998,0.997,0.996,0.993,0.990,0.984,0.973,0.954,0.922,0.877,0.815,0.736,0.631,0.540,0.432,0.292,0.991,0.991,0.991,0.999,0.999,0.999,0.999,0.999,0.999,0.999,0.999,0.999,0.999,0.999,0.999,0.999,0.999,0.999,0.999,0.999,0.999,0.997,0.996,0.994,0.992,0.986,0.980,0.968,0.948,0.911,0.850,0.768,0.665,0.542,0.398,0.292,0.187,0.085,              ,(S-LAL59),B ,RP,81
,TAC6          ,755-523,1.73894,1.74294,1.74566,1.74815,1.75063,1.75132,1.75197,1.75487,1.75500,1.75844,1.76506,1.76588,1.77295,1.77953,1.79081,52.32,52.09,0.014430,0.014561,3.0182184,,-1.5381633,-2,2.1520137,-2,6.4608303,-4,-3.2355748,-5,2.0791593,-6,0.4655,0.1725,0.1719,0.3030,0.2383,0.4587,0.5472,0.4559,0.7816,0.4613,0.1709,0.2181,0.2526,0.2362,0.5113,0.4856,0.4518,0.7746,0.0195,0.0040,-0.0083,-0.0068,-0.0407, 0.01 ,1,0.70,4,,3,,1,,2,,2,685,715,,,,,72,,,760,7,60,120.70,46.60,0.30,,,,,,,4.0,4.1,4.2,4.3,4.4,4.6,1.6,2.1,2.4,2.8,3.1,3.4,1.40,4.27,,38/29,0.997,0.998,0.998,0.999,0.999,0.999,0.999,0.999,0.999,0.999,0.999,0.999,0.999,0.999,0.999,0.999,0.999,0.999,0.999,0.999,0.999,0.998,0.997,0.996,0.995,0.991,0.987,0.979,0.965,0.942,0.903,0.850,0.776,0.682,0.529,0.458,0.344,0.207,0.994,0.995,0.996,0.999,0.999,0.999,0.999,0.999,0.999,0.999,0.999,0.998,0.998,0.999,0.999,0.999,0.999,0.998,0.998,0.999,0.997,0.996,0.993,0.992,0.990,0.981,0.974,0.958,0.931,0.888,0.815,0.722,0.602,0.466,0.279,0.210,0.119,0.043,              ,S-YGH51,B ,RP,192
,TAC8          ,729-547,1.71407,1.71788,1.72045,1.72279,1.72510,1.72575,1.72635,1.72904,1.72916,1.73234,1.73844,1.73920,1.74571,1.75176,1.76205,54.67,54.44,0.013337,0.013451,2.9324178,,-1.4603156,-2,2.1121636,-2,4.8240144,-5,4.9669475,-5,-2.4904491,-6,0.4785,0.1751,0.1736,0.3042,0.2383,0.4575,0.5452,0.4535,0.7716,0.4744,0.1736,0.2202,0.2536,0.2363,0.5101,0.4840,0.4497,0.7650,0.0259,0.0055,-0.0062,-0.0046,-0.0323, 0.03 ,1,0.89,4,,3,,2,,2,,2,680,710,,,,57,70,0.871,0.511,730,7,60,122.30,48.10,0.27,,9.8,2.8,16,1.7,15,3.2,3.3,3.4,3.5,3.6,3.8,0.9,1.3,1.7,2.0,2.3,2.6,100.00,4.05,,37/29,0.993,0.992,0.991,0.999,0.999,0.999,0.999,0.999,0.999,0.999,0.999,0.999,0.999,0.999,0.999,0.999,0.999,0.999,0.999,0.999,0.999,0.999,0.997,0.996,0.994,0.992,0.988,0.981,0.972,0.955,0.925,0.884,0.826,0.750,0.637,0.522,0.365,0.185,0.986,0.983,0.982,0.998,0.999,0.999,0.999,0.999,0.999,0.999,0.999,0.999,0.999,0.999,0.999,0.999,0.999,0.999,0.998,0.999,0.998,0.997,0.995,0.993,0.989,0.983,0.975,0.963,0.945,0.913,0.855,0.781,0.683,0.562,0.405,0.273,0.133,0.034,              ,S-LAL18,A ,DP,138
,E-CF6         ,517-522,1.50650,1.50921,1.51106,1.51275,1.51444,1.51491,1.51535,1.51733,1.51742,1.51978,1.52436,1.52493,1.52990,1.53461,1.54293,52.15,51.85,0.009922,0.010024,2.2668912,,-9.3866212,-3,1.2174195,-2,5.0769030,-4,-3.3573414,-5,2.9059013,-6,0.4599,0.1702,0.1700,0.3008,0.2378,0.4614,0.5589,0.4745,0.8388,0.4552,0.1685,0.2156,0.2505,0.2353,0.5142,0.4957,0.4697,0.8303,0.0106,0.0001,0.0051,0.0045,0.0336, 0.05 ,2,0.07,1,> 45 ,1,< 0.01 ,1,< 0.01 ,1,< 0.3 ,1,500,580,,,,,82,,,495,5,150,,,,,,,,,,0.3,0.4,0.5,0.6,0.6,0.6,-1.7,-1.3,-1.0,-0.7,-0.5,-0.4,100.00,2.43,B,37/34,0.996,0.997,0.997,0.998,0.999,0.999,0.999,0.999,0.999,0.999,0.999,0.999,0.999,0.999,0.999,0.999,0.999,0.998,0.998,0.998,0.997,0.996,0.995,0.994,0.992,0.989,0.984,0.974,0.952,0.890,0.690,0.330,0.040,0.000,0.000,0.000,0.000,0.000,0.993,0.995,0.995,0.996,0.998,0.998,0.998,0.998,0.998,0.998,0.998,0.998,0.998,0.998,0.998,0.998,0.998,0.997,0.997,0.996,0.993,0.992,0.991,0.989,0.984,0.977,0.968,0.948,0.907,0.780,0.480,0.010,0.000,0.000,0.000,0.000,0.000,0.000,,S-NSL36,B ,RP,29
,E-FEL1        ,548-458,1.53535,1.53846,1.54060,1.54258,1.54458,1.54514,1.54567,1.54803,1.54814,1.55098,1.55654,1.55724,1.56336,1.56922,1.57980,45.82,45.52,0.011963,0.012104,2.3534484,,-1.0330438,-2,1.4097325,-2,8.7167875,-4,-6.9981970,-5,5.7867359,-6,0.4389,0.1656,0.1668,0.2977,0.2375,0.4648,0.5698,0.4903,0.8839,0.4337,0.1637,0.2113,0.2478,0.2347,0.5175,0.5051,0.4846,0.8736,0.0113,0.0000,0.0048,0.0041,0.0385, 0.01 ,1,0.02,1,> 45 ,1,0.09,2,< 0.01 ,1,< 0.3 ,1,505,565,,,,79,97,,,535,5,130,,,,,,,,,,1.8,1.8,1.8,1.9,2.0,2.0,-0.3,0.0,0.3,0.6,0.8,1.0,100.00,2.54,,37/34,0.998,0.999,0.999,0.999,0.999,0.999,0.999,0.999,0.999,0.999,0.999,0.999,0.999,0.999,0.999,0.999,0.999,0.999,0.999,0.999,0.999,0.998,0.998,0.997,0.996,0.993,0.987,0.973,0.940,0.840,0.550,0.150,0.000,0.000,0.000,0.000,0.000,0.000,0.996,0.998,0.998,0.999,0.999,0.999,0.999,0.999,0.999,0.999,0.999,0.999,0.999,0.999,0.999,0.999,0.998,0.998,0.998,0.998,0.998,0.997,0.996,0.995,0.992,0.986,0.974,0.946,0.884,0.700,0.300,0.020,0.000,0.000,0.000,0.000,0.000,0.000,N-LLF1,S-TIL 1,B ,RP,30
,E-FEL2        ,541-472,1.52841,1.53141,1.53348,1.53538,1.53730,1.53784,1.53835,1.54062,1.54072,1.54344,1.54876,1.54943,1.55526,1.56084,1.57082,47.20,46.90,0.011456,0.011587,2.3317983,,-9.7042192,-3,1.4032761,-2,6.4822896,-4,-4.0813761,-5,3.9064873,-6,0.4419,0.1666,0.1675,0.2984,0.2374,0.4642,0.5677,0.4869,0.8716,0.4369,0.1647,0.2122,0.2484,0.2347,0.5169,0.5033,0.4814,0.8618,0.0095,-0.0001,0.0051,0.0044,0.0350, 0.02 ,1,0.04,1,> 45 ,1,< 0.01 ,1,< 0.01 ,1,< 0.3 ,1,495,565,,,,82,98,,,550,6,130,,,,,,,,,,1.1,1.2,1.3,1.4,1.4,1.4,-0.9,-0.6,-0.2,0.0,0.2,0.4,100.00,2.53,,37/34,0.996,0.998,0.997,0.999,0.999,0.999,0.999,0.999,0.999,0.999,0.999,0.999,0.999,0.999,0.999,0.999,0.999,0.999,0.999,0.999,0.999,0.999,0.998,0.998,0.997,0.996,0.991,0.980,0.944,0.850,0.550,0.170,0.000,0.000,0.000,0.000,0.000,0.000,0.993,0.996,0.995,0.998,0.998,0.998,0.997,0.997,0.997,0.998,0.998,0.998,0.998,0.999,0.999,0.999,0.998,0.998,0.999,0.999,0.999,0.998,0.997,0.996,0.994,0.992,0.982,0.960,0.892,0.710,0.300,0.030,0.000,0.000,0.000,0.000,0.000,0.000,,S-TIL 2,B ,RP,31
,E-FEL6        ,532-488,1.51995,1.52284,1.52482,1.52664,1.52847,1.52898,1.52946,1.53162,1.53172,1.53431,1.53935,1.53999,1.54551,1.55077,1.56014,48.84,48.53,0.010887,0.011010,2.3068946,,-9.6888755,-3,1.3097020,-2,6.5013927,-4,-4.2328222,-5,3.5888777,-6,0.4469,0.1674,0.1680,0.2988,0.2376,0.4636,0.5654,0.4832,0.8603,0.4419,0.1655,0.2128,0.2488,0.2350,0.5163,0.5013,0.4778,0.8507,0.0081,-0.0008,0.0062,0.0051,0.0344, 0.02 ,1,0.03,1,> 45 ,1,0.02,2,< 0.01 ,1,< 0.3 ,1,525,595,,,,86,98,,,470,5,140,,,,,,,,,,0.0,0.0,0.1,0.2,0.3,0.4,-2.1,-1.7,-1.4,-1.1,-0.9,-0.6,100.00,2.51,,37/34,0.996,0.997,0.998,0.999,0.999,0.999,0.999,0.999,0.999,0.999,0.999,0.999,0.999,0.999,0.999,0.999,0.999,0.998,0.999,0.998,0.997,0.997,0.996,0.996,0.995,0.992,0.988,0.978,0.955,0.880,0.640,0.240,0.020,0.000,0.000,0.000,0.000,0.000,0.993,0.995,0.995,0.998,0.998,0.999,0.998,0.998,0.998,0.999,0.998,0.999,0.998,0.999,0.999,0.999,0.998,0.996,0.997,0.997,0.995,0.994,0.993,0.991,0.989,0.984,0.976,0.956,0.912,0.780,0.410,0.060,0.000,0.000,0.000,0.000,0.000,0.000,N-LLF6,S-TIL 6,B ,RP,32
,E-BAF8        ,624-471,1.60974,1.61303,1.61537,1.61756,1.61978,1.62040,1.62099,1.62362,1.62374,1.62689,1.63304,1.63381,1.64049,1.64681,1.65786,47.05,46.77,0.013257,0.013405,2.5801121,,-7.9717945,-3,1.9728054,-2,1.3876076,-4,3.7632071,-5,-7.4634717,-7,0.4245,0.1653,0.1673,0.2989,0.2378,0.4634,0.5625,0.4767,0.8330,0.4198,0.1635,0.2121,0.2489,0.2351,0.5159,0.4986,0.4715,0.8238,-0.0086,-0.0013,-0.0009,-0.0010,-0.0151, 0.02 ,1,0.44,3,45,2,0.02,2,0.01,1,0.7,2,570,625,,,,80,91,,,515,5,210,,,,,,,,,,3.1,3.2,3.3,3.5,3.6,3.8,0.9,1.4,1.7,2.1,2.4,2.7,100.00,3.32,,38/34,0.997,0.997,0.995,0.999,0.999,0.999,0.999,0.999,0.999,0.999,0.999,0.999,0.999,0.999,0.999,0.999,0.999,0.999,0.999,0.999,0.998,0.997,0.996,0.995,0.992,0.981,0.967,0.940,0.890,0.780,0.570,0.280,0.060,0.000,0.000,0.000,0.000,0.000,0.995,0.993,0.991,0.998,0.999,0.999,0.998,0.998,0.999,0.999,0.999,0.999,0.999,0.999,0.999,0.999,0.998,0.997,0.998,0.998,0.996,0.995,0.993,0.990,0.984,0.962,0.934,0.883,0.790,0.610,0.320,0.080,0.000,0.000,0.000,0.000,0.000,0.000,,,C ,RP,53
,BAF10         ,670-472,1.65486,1.65852,1.66106,1.66342,1.66579,1.66646,1.66709,1.66990,1.67003,1.67340,1.67999,1.68082,1.68799,1.69480,1.70680,47.20,46.90,0.014197,0.014358,2.7324621,,-1.2490460,-2,1.8562334,-2,9.9990536,-4,-6.8388552,-5,4.9257931,-6,0.3468,0.1659,0.1672,0.2984,0.2377,0.4638,0.5640,0.4792,0.8454,0.4319,0.1640,0.2119,0.2485,0.2350,0.5164,0.4999,0.4739,0.8359,0.0035,-0.0010,0.0013,0.0007,0.0011, 0.02 ,1,0.20,2,> 70 ,1,0.03,2,< 0.01 ,1,< 0.3 ,1,580,635,,,,72,83,0.967,0.569,610,6,140,94.80,37.20,0.28,104,9.0,1.0,15,1.2,14,4.6,4.6,4.7,4.7,4.9,5.0,2.4,2.7,3.0,3.3,3.6,3.9,2.12,3.61,,39/34,0.000,0.000,0.000,0.000,0.000,0.000,0.000,0.000,0.000,0.000,0.000,0.000,0.000,0.000,0.000,0.000,0.999,0.999,0.999,0.999,0.995,0.993,0.991,0.986,0.984,0.975,0.960,0.940,0.890,0.780,0.560,0.220,     ,0.000,0.000,0.000,0.000,0.000,0.000,0.000,0.000,0.000,0.000,0.000,0.000,0.000,0.000,0.000,0.000,0.000,0.000,0.000,0.000,0.000,0.997,0.997,0.997,0.997,0.990,0.986,0.982,0.972,0.969,0.951,0.921,0.880,0.780,0.610,0.320,0.050,0.000,0.000,0.000,0.000,0.000,0.000,B-BAF10,S-BAH10,A ,RP,32
,BAF11         ,667-483,1.65213,1.65564,1.65807,1.66033,1.66262,1.66326,1.66387,1.66660,1.66672,1.67000,1.67642,1.67723,1.68420,1.69077,1.70233,48.30,47.97,0.013805,0.013967,2.7272955,,-1.3470236,-2,1.4809271,-2,1.9615335,-3,-1.9787663,-4,1.0851117,-5,0.4304,0.1636,0.1656,0.2973,0.2379,0.4649,0.5634,0.4761,0.8373,0.4254,0.1617,0.2099,0.2476,0.2351,0.5173,0.4990,0.4706,0.8276,-0.0119,-0.0063,0.0044,0.0021,-0.0004, 0.02 ,1,0.24,2,> 70 ,1,0.02,2,< 0.01 ,1,< 0.3 ,1,575,630,,,,71,86,,,610,6,150,97.80,38.90,0.26,,,,,,,5.1,4.9,4.9,4.9,4.9,0.0,2.8,3.0,3.3,3.5,3.7,0.0,1.99,3.63,,38/34,0.998,0.998,0.997,0.999,0.999,0.999,0.999,0.999,0.999,0.999,0.999,0.999,0.999,0.999,0.999,0.999,0.999,0.999,0.999,0.999,0.999,0.995,0.993,0.990,0.988,0.983,0.973,0.951,0.910,0.810,0.520,0.340,0.080,0.000,0.000,0.000,0.000,0.000,0.997,0.996,0.995,0.999,0.998,0.997,0.997,0.997,0.997,0.997,0.997,0.997,0.997,0.997,0.999,0.999,0.999,0.999,0.999,0.999,0.997,0.990,0.986,0.980,0.976,0.966,0.946,0.904,0.830,0.660,0.270,0.110,0.010,0.000,0.000,0.000,0.000,0.000,,S-BAH11,B ,RP,34
,E-FL5         ,581-409,1.56660,1.57011,1.57258,1.57489,1.57723,1.57789,1.57852,1.58132,1.58144,1.58481,1.59145,1.59229,1.59965,1.60676,1.61966,40.89,40.61,0.014220,0.014400,2.4465754,,-1.0107041,-2,1.7759132,-2,8.7970259,-4,-5.7014929,-5,6.0924663,-6,0.4203,0.1625,0.1648,0.2959,0.2372,0.4669,0.5767,0.4996,0.9076,0.4151,0.1605,0.2087,0.2462,0.2342,0.5196,0.5110,0.4934,0.8962,0.0106,0.0008,0.0022,0.0020,0.0279, 0.04 ,1,0.05,1,> 45 ,1,< 0.01 ,1,< 0.01 ,1,< 0.3 ,1,575,630,537,558,732,79,98,,,550,6,110,75.70,30.80,0.23,,,,,,,2.5,2.8,2.9,3.0,3.1,3.1,0.3,0.9,1.4,1.7,1.9,2.0,100.00,2.59,,38/35,0.997,0.997,0.996,0.999,0.999,0.999,0.999,0.999,0.999,0.999,0.999,0.999,0.999,0.999,0.999,0.999,0.999,0.999,0.999,0.999,0.997,0.996,0.996,0.994,0.992,0.984,0.970,0.934,0.830,0.580,0.180,0.000,0.000,0.000,0.000,0.000,0.000,0.000,0.993,0.994,0.993,0.999,0.999,0.998,0.998,0.998,0.999,0.998,0.998,0.998,0.998,0.998,0.998,0.998,0.998,0.998,0.998,0.998,0.995,0.993,0.992,0.988,0.985,0.969,0.942,0.873,0.700,0.340,0.030,0.000,0.000,0.000,0.000,0.000,0.000,0.000,N-LF5,S-TIL25,A ,RP,31
,E-FL6         ,567-428,1.55339,1.55673,1.55905,1.56121,1.56340,1.56402,1.56460,1.56720,1.56732,1.57046,1.57664,1.57742,1.58426,1.59085,1.60280,42.84,42.54,0.013243,0.013409,2.4080325,,-1.0683353,-2,1.5478409,-2,1.0548448,-3,-8.3385882,-5,6.9322693,-6,0.4272,0.1632,0.1651,0.2961,0.2373,0.4667,0.5752,0.4975,0.9021,0.4219,0.1612,0.2091,0.2464,0.2343,0.5193,0.5097,0.4914,0.8910,0.0094,-0.0005,0.0050,0.0041,0.0376, 0.02 ,1,0.03,1,> 45 ,1,< 0.01 ,1,< 0.01 ,1,< 0.3 ,1,535,590,,,,79,99,,,580,6,120,,,,,,,,,,2.3,2.4,2.5,2.5,2.5,2.5,0.2,0.6,0.9,1.1,1.3,1.5,100.00,2.57,,38/35,0.999,0.999,0.997,0.999,0.999,0.999,0.999,0.999,0.999,0.999,0.999,0.999,0.999,0.999,0.999,0.999,0.999,0.998,0.999,0.999,0.999,0.996,0.995,0.993,0.990,0.987,0.977,0.950,0.880,0.670,0.270,0.030,0.000,0.000,0.000,0.000,0.000,0.000,0.997,0.997,0.995,0.999,0.999,0.999,0.999,0.999,0.999,0.999,0.999,0.999,0.999,0.999,0.999,0.999,0.998,0.997,0.998,0.998,0.998,0.993,0.990,0.987,0.980,0.974,0.954,0.903,0.770,0.450,0.070,0.000,0.000,0.000,0.000,0.000,0.000,0.000,,S-TIL26,B ,RP,30
,E-F1          ,626-357,1.60805,1.61216,1.61511,1.61790,1.62074,1.62155,1.62230,1.62573,1.62588,1.63003,1.63825,1.63930,1.64854,1.65758,1.67427,35.74,35.48,0.017512,0.017757,2.5730565,,-1.0203605,-2,2.3095784,-2,8.7114252,-4,-3.0730079,-5,6.9457986,-6,0.4031,0.1591,0.1623,0.2935,0.2367,0.4698,0.5877,0.5162,0.9528,0.3975,0.1570,0.2055,0.2441,0.2334,0.5225,0.5204,0.5090,0.9397,0.0117,0.0013,0.0038,0.0038,0.0440, 0.03 ,1,0.06,1,> 45 ,1,< 0.01 ,1,0.01,1,< 0.3 ,1,570,615,528,542,705,86,105,,,550,6,140,78.20,31.50,0.24,,,,,,,1.3,1.4,1.6,1.7,1.8,1.9,-0.9,-0.4,-0.1,0.3,0.6,0.8,100.00,2.70,,39/36,0.996,0.996,0.996,0.999,0.999,0.999,0.999,0.999,0.999,0.999,0.999,0.999,0.999,0.999,0.998,0.998,0.997,0.997,0.997,0.997,0.995,0.994,0.993,0.991,0.988,0.973,0.948,0.880,0.710,0.380,0.060,0.000,0.000,0.000,0.000,0.000,0.000,0.000,0.992,0.993,0.992,0.997,0.997,0.997,0.997,0.997,0.997,0.997,0.997,0.998,0.998,0.997,0.997,0.996,0.995,0.994,0.995,0.994,0.991,0.988,0.985,0.983,0.976,0.947,0.898,0.780,0.510,0.140,0.000,0.000,0.000,0.000,0.000,0.000,0.000,0.000,,S-TIM 1,B ,RP,28
,E-F2          ,620-363,1.60259,1.60662,1.60952,1.61224,1.61502,1.61581,1.61655,1.61989,1.62004,1.62408,1.63210,1.63313,1.64213,1.65095,1.66724,36.30,36.04,0.017081,0.017318,2.5561822,,-1.0237038,-2,2.2470348,-2,8.4580679,-4,-3.3087089,-5,7.1054919,-6,0.4057,0.1596,0.1627,0.2938,0.2367,0.4695,0.5871,0.5160,0.9539,0.4002,0.1574,0.2059,0.2443,0.2335,0.5222,0.5200,0.5089,0.9408,0.0125,0.0014,0.0043,0.0043,0.0498, 0.03 ,1,0.05,1,> 45 ,1,< 0.01 ,1,< 0.01 ,1,< 0.3 ,1,580,615,532,551,707,83,101,,,530,5,150,,,,,,,,,,1.8,1.9,2.0,2.1,2.2,2.3,-0.4,0.0,0.4,0.7,1.0,1.2,100.00,2.67,,39/36,0.998,0.998,0.996,0.999,0.999,0.999,0.999,0.999,0.999,0.999,0.999,0.999,0.999,0.999,0.999,0.999,0.998,0.998,0.998,0.998,0.996,0.996,0.995,0.993,0.989,0.973,0.948,0.880,0.720,0.390,0.060,0.000,0.000,0.000,0.000,0.000,0.000,0.000,0.995,0.995,0.993,0.999,0.999,0.999,0.998,0.998,0.998,0.998,0.998,0.998,0.998,0.998,0.998,0.998,0.997,0.996,0.997,0.997,0.993,0.992,0.989,0.986,0.979,0.947,0.899,0.780,0.520,0.150,0.000,0.000,0.000,0.000,0.000,0.000,0.000,0.000,F2,S-TIM 2,MA,DP,16
,E-F3          ,613-370,1.59590,1.59986,1.60269,1.60535,1.60805,1.60882,1.60954,1.61279,1.61293,1.61686,1.62463,1.62563,1.63433,1.64284,1.65855,36.96,36.70,0.016583,0.016810,2.5362697,,-1.0610424,-2,2.1233821,-2,9.9012105,-4,-5.9984348,-5,8.2354366,-6,0.4093,0.1602,0.1632,0.2942,0.2368,0.4690,0.5849,0.5129,0.9473,0.4037,0.1581,0.2065,0.2447,0.2336,0.5217,0.5180,0.5059,0.9345,0.0141,0.0017,0.0032,0.0032,0.0460, 0.03 ,1,0.03,1,> 45 ,1,< 0.01 ,1,< 0.01 ,1,< 0.3 ,1,580,625,541,555,720,77,94,,,540,5,150,79.70,32.40,0.23,,,,,,,2.6,2.8,3.0,3.1,3.2,3.3,0.4,1.0,1.4,1.7,1.9,2.2,100.00,2.64,,39/36,0.997,0.998,0.995,0.999,0.999,0.999,0.999,0.999,0.999,0.999,0.999,0.999,0.999,0.999,0.999,0.999,0.999,0.998,0.999,0.998,0.997,0.996,0.994,0.993,0.991,0.979,0.958,0.900,0.750,0.420,0.070,0.000,0.000,0.000,0.000,0.000,0.000,0.000,0.995,0.995,0.990,0.999,0.999,0.999,0.998,0.998,0.998,0.999,0.999,0.999,0.999,0.999,0.998,0.998,0.997,0.996,0.997,0.997,0.994,0.991,0.989,0.987,0.982,0.958,0.917,0.810,0.560,0.170,0.010,0.000,0.000,0.000,0.000,0.000,0.000,0.000,,S-TIM3,B ,RP,26
,E-F5          ,603-380,1.58703,1.59087,1.59359,1.59615,1.59874,1.59948,1.60017,1.60328,1.60342,1.60718,1.61462,1.61557,1.62387,1.63195,1.64678,38.01,37.74,0.015875,0.016088,2.5095673,,-1.0862661,-2,1.9894774,-2,1.0137134,-3,-6.2697117,-5,7.5080045,-6,0.4135,0.1609,0.1635,0.2946,0.2369,0.4685,0.5827,0.5089,0.9341,0.4081,0.1588,0.2070,0.2451,0.2338,0.5211,0.5161,0.5022,0.9217,0.0145,0.0015,0.0029,0.0029,0.0381, 0.04 ,1,0.05,1,> 45 ,1,< 0.01 ,1,< 0.01 ,1,< 0.3 ,1,575,620,537,556,719,80,97,,,515,5,130,78.70,32.00,0.23,,,,,,,2.2,2.4,2.5,2.7,2.8,2.9,0.1,0.5,1.0,1.3,1.6,1.9,100.00,2.63,,39/36,0.997,0.997,0.995,0.999,0.999,0.999,0.999,0.999,0.999,0.999,0.999,0.999,0.999,0.999,0.999,0.999,0.999,0.998,0.999,0.999,0.997,0.996,0.995,0.994,0.991,0.980,0.961,0.910,0.780,0.470,0.100,0.000,0.000,0.000,0.000,0.000,0.000,0.000,0.994,0.994,0.990,0.998,0.998,0.998,0.998,0.998,0.998,0.998,0.999,0.999,0.999,0.999,0.999,0.999,0.997,0.997,0.998,0.998,0.994,0.992,0.990,0.988,0.982,0.960,0.923,0.830,0.600,0.220,0.010,0.000,0.000,0.000,0.000,0.000,0.000,0.000,F5,S-TIM 5,B ,RP,26
,E-F8          ,596-392,1.57979,1.58347,1.58609,1.58854,1.59103,1.59173,1.59239,1.59538,1.59551,1.59911,1.60621,1.60712,1.61502,1.62269,1.63671,39.22,38.95,0.015183,0.015383,2.4866561,,-1.0188484,-2,1.9287417,-2,8.8553737,-4,-5.0937106,-5,6.4256956,-6,0.4148,0.1614,0.1640,0.2951,0.2370,0.4678,0.5803,0.5052,0.9229,0.4094,0.1593,0.2076,0.2455,0.2340,0.5205,0.5140,0.4986,0.9109,0.0111,0.0010,0.0028,0.0027,0.0339, 0.03 ,1,0.03,1,> 45 ,1,< 0.01 ,1,< 0.01 ,1,< 0.3 ,1,580,630,,,,82,97,,,540,5,140,,,,,,,,,,2.1,2.2,2.3,2.4,2.6,2.7,-0.1,0.3,0.7,1.1,1.4,1.6,100.00,2.62,,39/35,0.999,0.999,0.997,0.999,0.999,0.999,0.999,0.999,0.999,0.999,0.999,0.999,0.999,0.999,0.999,0.999,0.999,0.999,0.999,0.999,0.997,0.995,0.994,0.992,0.989,0.978,0.960,0.910,0.790,0.510,0.140,0.000,0.000,0.000,0.000,0.000,0.000,0.000,0.997,0.997,0.995,0.999,0.999,0.999,0.999,0.999,0.999,0.999,0.999,0.999,0.999,0.999,0.999,0.999,0.999,0.999,0.999,0.998,0.994,0.991,0.988,0.984,0.979,0.956,0.921,0.840,0.630,0.260,0.020,0.000,0.000,0.000,0.000,0.000,0.000,0.000,,S-TIM 8,C ,RP,27
,BAFD7         ,702-412,1.68408,1.68809,1.69098,1.69372,1.69651,1.69730,1.69804,1.70139,1.70154,1.70559,1.71356,1.71457,1.72339,1.73189,1.74719,41.15,40.86,0.017049,0.017270,2.8217211,,-9.7265483,-3,2.4345979,-2,7.8406305,-4,-2.2431497,-5,4.6726029,-6,0.4048,0.1605,0.1637,0.2953,0.2372,0.4675,0.5769,0.4983,0.8975,0.3996,0.1584,0.2074,0.2457,0.2342,0.5201,0.5109,0.4919,0.8860,-0.0092,-0.0026,0.0036,0.0027,0.0187, 0.02 ,1,0.09,1,> 70 ,1,< 0.01 ,1,< 0.01 ,1,< 0.3 ,1,590,655,575,594,712,68,82,,,595,6,140,96.80,38.00,0.28,,,,,,,4.6,4.7,4.8,5.0,5.0,5.1,2.3,2.7,3.1,3.4,3.7,4.0,2.25,3.65,,40/35,0.999,0.998,0.999,0.999,0.999,0.999,0.999,0.999,0.999,0.999,0.999,0.999,0.999,0.999,0.999,0.999,0.999,0.998,0.998,0.998,0.995,0.993,0.988,0.987,0.982,0.960,0.930,0.880,0.760,0.510,0.160,0.070,0.000,0.000,0.000,0.000,0.000,0.000,0.997,0.996,0.998,0.999,0.999,0.999,0.999,0.999,0.999,0.999,0.999,0.999,0.999,0.999,0.999,0.999,0.997,0.996,0.996,0.996,0.990,0.987,0.977,0.974,0.964,0.921,0.870,0.770,0.580,0.260,0.030,0.010,0.000,0.000,0.000,0.000,0.000,0.000,,S-BAH27,B ,RP,38
,BAFD8         ,723-380,1.70410,1.70848,1.71168,1.71471,1.71781,1.71869,1.71952,1.72325,1.72342,1.72793,1.73685,1.73799,1.74793,1.75759,1.77526,37.99,37.72,0.019041,0.019297,2.8863236,,-9.8027240,-3,2.7654256,-2,8.9006367,-4,-3.6309109,-5,7.6181062,-6,0.3980,0.1593,0.1628,0.2944,0.2371,0.4685,0.5819,0.5072,0.9281,0.3927,0.1571,0.2062,0.2449,0.2339,0.5212,0.5153,0.5005,0.9157,-0.0033,-0.0009,0.0023,0.0020,0.0303, 0.02 ,1,0.13,1,> 70 ,1,< 0.01 ,1,< 0.01 ,1,< 0.3 ,1,605,655,590,610,729,72,81,1.010,0.565,610,6,130,105.50,42.20,0.25,,,,,,,4.1,4.2,4.3,4.5,4.7,,1.8,2.2,2.6,3.0,3.4,,1.97,3.62,,41/36,0.998,0.997,0.998,0.999,0.999,0.999,0.999,0.999,0.999,0.999,0.999,0.999,0.999,0.999,0.999,0.999,0.999,0.999,0.999,0.999,0.997,0.994,0.991,0.985,0.971,0.920,0.870,0.750,0.540,0.240,0.000,0.000,0.000,0.000,0.000,0.000,0.000,0.000,0.996,0.995,0.997,0.999,0.999,0.999,0.999,0.998,0.999,0.999,0.998,0.999,0.999,0.999,0.999,0.999,0.999,0.999,0.999,0.999,0.994,0.988,0.983,0.971,0.941,0.850,0.750,0.570,0.300,0.060,0.000,0.000,0.000,0.000,0.000,0.000,0.000,0.000,(BASF51),S-BAH28,A ,RP,38
,BAFD15        ,702-402,1.68384,1.68807,1.69110,1.69394,1.69682,1.69764,1.69840,1.70185,1.70200,1.70614,1.71429,1.71532,1.72432,1.73296,1.74841,40.20,39.93,0.017465,0.017683,2.8205467,,-1.0789821,-2,2.6216351,-2,3.4058709,-4,4.6765010,-5,6.6030419,-7,0.4156,0.1627,0.1651,0.2964,0.2373,0.4664,0.5744,0.4947,0.8846,0.4105,0.1607,0.2091,0.2466,0.2343,0.5190,0.5089,0.4886,0.8737,0.0097,0.0021,-0.0021,-0.0015,-0.0062, 0.02 ,1,0.03,1,> 70 ,1,< 0.01 ,1,< 0.01 ,1,< 0.3 ,1,535,585,519,540,660,80,98,,,670,7,110,110.40,43.60,0.26,,,,,,,4.3,4.2,4.2,4.2,4.2,4.3,2.1,2.3,2.5,2.7,2.9,3.2,2.26,2.99,,39/34,0.997,0.997,0.998,0.999,0.998,0.999,0.998,0.998,0.998,0.998,0.998,0.998,0.998,0.998,0.998,0.998,0.997,0.997,0.998,0.998,0.995,0.992,0.989,0.987,0.984,0.979,0.970,0.949,0.910,0.760,0.430,0.050,0.000,0.000,0.000,0.000,0.000,0.000,0.995,0.995,0.995,0.997,0.997,0.997,0.997,0.997,0.996,0.996,0.996,0.997,0.997,0.997,0.997,0.996,0.995,0.994,0.996,0.996,0.990,0.984,0.978,0.974,0.968,0.958,0.942,0.901,0.820,0.580,0.180,0.000,0.000,0.000,0.000,0.000,0.000,0.000,              ,,C ,RP,45
,E-FD1         ,717-295,1.69354,1.69886,1.70275,1.70648,1.71032,1.71142,1.71245,1.71715,1.71736,1.72310,1.73464,1.73613,1.74931,1.76244,1.78736,29.50,29.27,0.024318,0.024707,2.8508499,,-1.3234610,-2,2.9415325,-2,2.5542666,-3,-2.1232133,-4,2.2261936,-5,0.3787,0.1532,0.1580,0.2893,0.2362,0.4745,0.6033,0.5396,1.0247,0.3728,0.1508,0.1999,0.2404,0.2324,0.5272,0.5337,0.5311,1.0086,0.0062,-0.0014,0.0095,0.0082,0.0842, 0.03 ,1,0.03,1,> 45 ,1,< 0.01 ,1,< 0.01 ,1,0.4,2,590,630,552,563,707,92,110,,,535,5,170,87.10,34.60,0.26,,,,,,,0.9,1.0,1.1,1.3,1.5,1.7,-1.4,-1.0,-0.6,-0.2,0.2,0.5,100.00,3.08,,42/36,0.996,0.996,0.997,0.999,0.999,0.999,0.999,0.999,0.999,0.999,0.999,0.999,0.998,0.999,0.999,0.999,0.998,0.997,0.998,0.997,0.993,0.990,0.986,0.982,0.968,0.930,0.880,0.750,0.490,0.160,0.000,0.000,0.000,0.000,0.000,0.000,0.000,0.000,0.992,0.993,0.994,0.998,0.998,0.998,0.998,0.998,0.998,0.998,0.997,0.998,0.997,0.997,0.998,0.998,0.996,0.994,0.996,0.995,0.986,0.980,0.973,0.964,0.938,0.860,0.770,0.570,0.240,0.030,0.000,0.000,0.000,0.000,0.000,0.000,0.000,0.000,N-SF1,S-TIH1,A ,RP,33
,E-FD2         ,648-338,1.62848,1.63286,1.63603,1.63903,1.64210,1.64298,1.64380,1.64752,1.64769,1.65222,1.66124,1.66240,1.67258,1.68259,1.70125,33.84,33.58,0.019140,0.019421,2.6399644,,-1.1645718,-2,2.3061733,-2,1.7348219,-3,-1.3986059,-4,1.3916670,-5,0.3944,0.1567,0.1606,0.2920,0.2366,0.4715,0.5923,0.5228,0.9754,0.3887,0.1545,0.2033,0.2427,0.2331,0.5241,0.5242,0.5153,0.9613,0.0077,-0.0006,0.0057,0.0049,0.0565, 0.03 ,1,0.05,1,> 45 ,1,< 0.01 ,1,< 0.01 ,1,< 0.3 ,1,580,615,534,553,715,88,105,,,525,5,160,,,,,,,,,,1.1,1.2,1.3,1.4,1.5,1.5,-1.1,-0.6,-0.3,0.0,0.2,0.4,100.00,2.77,,40/36,0.998,0.998,0.998,0.999,0.999,0.999,0.999,0.999,0.999,0.999,0.999,0.999,0.999,0.999,0.999,0.999,0.998,0.998,0.998,0.998,0.996,0.994,0.993,0.991,0.987,0.968,0.940,0.850,0.650,0.300,0.030,0.000,0.000,0.000,0.000,0.000,0.000,0.000,0.995,0.996,0.996,0.999,0.999,0.999,0.999,0.999,0.999,0.998,0.998,0.998,0.998,0.998,0.998,0.998,0.997,0.996,0.997,0.996,0.992,0.989,0.986,0.983,0.974,0.936,0.880,0.730,0.420,0.090,0.000,0.000,0.000,0.000,0.000,0.000,0.000,0.000,SF2,S-TIM22,A ,RP,28
,E-FD4         ,755-275,1.72863,1.73449,1.73883,1.74299,1.74729,1.74852,1.74968,1.75496,1.75520,1.76167,1.77473,1.77641,1.79143,1.80649,,27.53,27.31,0.027432,0.027888,2.9673173,,-1.3989565,-2,3.3456680,-2,3.0717804,-3,-2.6682435,-4,2.8950241,-5,0.3717,0.1517,0.1569,0.2882,0.2360,0.4758,0.6090,0.5489,,0.3656,0.1492,0.1985,0.2394,0.2321,0.5285,0.5385,0.5399,,0.0058,-0.0116,0.0117,0.0103,, 0.03 ,1,0.04,1,> 45 ,1,< 0.01 ,1,< 0.01 ,1,< 0.3 ,1,605,650,571,583,725,87,104,,,550,6,160,90.80,36.20,0.26,,,,,,,1.3,1.4,1.5,1.6,1.8,1.9,-1.1,-0.6,-0.2,0.1,0.4,0.7,100.00,3.23,,43/37,0.998,0.998,0.998,0.999,0.999,0.999,0.999,0.999,0.999,0.999,0.999,0.999,0.999,0.999,0.999,0.998,0.998,0.997,0.998,0.997,0.992,0.988,0.985,0.978,0.960,0.910,0.830,0.680,0.380,0.090,0.000,0.000,0.000,0.000,0.000,0.000,0.000,0.000,0.996,0.996,0.996,0.999,0.999,0.999,0.998,0.998,0.998,0.998,0.998,0.998,0.998,0.998,0.998,0.997,0.996,0.994,0.995,0.994,0.984,0.977,0.970,0.957,0.930,0.820,0.700,0.460,0.150,0.010,0.000,0.000,0.000,0.000,0.000,0.000,0.000,0.000,SF4,S-TIH 4,A ,RP,45
,E-FD5         ,673-322,1.65191,1.65660,1.66002,1.66327,1.66661,1.66756,1.66846,1.67252,1.67270,1.67764,1.68752,1.68879,1.69999,1.71105,1.73182,32.17,31.92,0.020910,0.021227,2.7135839,,-1.1419719,-2,2.6133708,-2,1.7576479,-3,-1.3307737,-4,1.5203351,-5,0.3876,0.1556,0.1599,0.2912,0.2364,0.4724,0.5962,0.5290,0.9934,0.3818,0.1532,0.2023,0.2420,0.2329,0.5251,0.5276,0.5211,0.9786,0.0068,-0.0004,0.0066,0.0059,0.0659, 0.02 ,1,0.05,1,> 45 ,1,< 0.01 ,1,< 0.01 ,1,< 0.3 ,1,600,640,539,556,697,89,110,,,520,5,170,82.20,32.90,0.25,,,,,,,1.2,1.2,1.3,1.3,1.4,1.5,-1.1,-0.7,-0.4,-0.1,0.1,0.3,100.00,2.90,,40/36,0.997,0.997,0.997,0.999,0.999,0.998,0.998,0.998,0.998,0.998,0.997,0.997,0.998,0.998,0.999,0.999,0.998,0.998,0.998,0.998,0.997,0.996,0.993,0.992,0.986,0.961,0.920,0.820,0.580,0.220,0.030,0.000,0.000,0.000,0.000,0.000,0.000,0.000,0.994,0.993,0.995,0.998,0.997,0.996,0.996,0.996,0.996,0.996,0.995,0.994,0.996,0.997,0.997,0.997,0.996,0.996,0.997,0.996,0.994,0.991,0.986,0.984,0.972,0.924,0.850,0.670,0.340,0.050,0.000,0.000,0.000,0.000,0.000,0.000,0.000,0.000,N-SF5,S-TIM25,A ,RP,29
,E-FD7         ,640-346,1.62115,1.62542,1.62850,1.63141,1.63439,1.63524,1.63603,1.63964,1.63980,1.64418,1.65290,1.65402,1.66385,1.67351,1.69150,34.57,34.31,0.018508,0.018777,2.6165865,,-1.1427854,-2,2.2534361,-2,1.5512890,-3,-1.1769852,-4,1.2401891,-5,0.3972,0.1573,0.1610,0.2922,0.2366,0.4712,0.5915,0.5219,0.9724,0.3915,0.1550,0.2038,0.2429,0.2332,0.5239,0.5236,0.5145,0.9584,0.0080,-0.0005,0.0063,0.0055,0.0590, 0.02 ,1,0.04,1,> 45 ,1,< 0.01 ,1,< 0.01 ,1,< 0.3 ,1,570,620,529,545,703,87,107,,,540,5,150,79.10,31.80,0.25,,,,,,,1.3,1.4,1.6,1.6,1.7,1.7,-0.9,-0.4,-0.1,0.2,0.4,0.6,100.00,2.75,,39/36,0.997,0.998,0.997,0.999,0.999,0.999,0.999,0.999,0.999,0.999,0.999,0.999,0.999,0.999,0.999,0.999,0.999,0.998,0.998,0.998,0.996,0.996,0.994,0.992,0.987,0.967,0.939,0.860,0.640,0.300,0.030,0.000,0.000,0.000,0.000,0.000,0.000,0.000,0.994,0.995,0.995,0.999,0.999,0.999,0.998,0.998,0.998,0.998,0.998,0.998,0.998,0.998,0.998,0.998,0.998,0.997,0.997,0.997,0.993,0.992,0.989,0.984,0.974,0.935,0.882,0.730,0.410,0.090,0.000,0.000,0.000,0.000,0.000,0.000,0.000,0.000, ,S-TIM27,C ,RP,33
,E-FD8         ,689-312,1.66709,1.67198,1.67556,1.67899,1.68251,1.68351,1.68445,1.68874,1.68893,1.69416,1.70462,1.70596,1.71786,1.72964,1.75182,31.16,30.92,0.022109,0.022450,2.7617586,,-1.1254039,-2,2.8221737,-2,1.7540315,-3,-1.2127053,-4,1.5522384,-5,0.3832,0.1547,0.1593,0.2906,0.2363,0.4731,0.5989,0.5329,1.0034,0.3774,0.1524,0.2015,0.2415,0.2327,0.5258,0.5299,0.5248,0.9882,0.0057,-0.0007,0.0076,0.0068,0.0708, 0.03 ,1,0.05,1,> 45 ,1,< 0.01 ,1,< 0.01 ,1,< 0.3 ,1,570,615,530,545,690,93,113,,,530,5,170,83.50,33.20,0.26,,,,,,,0.5,0.6,0.7,0.9,1.0,1.2,-1.8,-1.3,-0.9,-0.6,-0.3,0.0,100.00,2.97,,41/36,0.998,0.998,0.998,0.998,0.998,0.998,0.998,0.998,0.998,0.998,0.998,0.998,0.998,0.998,0.998,0.998,0.998,0.997,0.998,0.997,0.993,0.991,0.988,0.983,0.972,0.940,0.890,0.780,0.540,0.200,0.020,0.000,0.000,0.000,0.000,0.000,0.000,0.000,0.995,0.996,0.996,0.998,0.999,0.998,0.998,0.999,0.998,0.999,0.998,0.997,0.997,0.997,0.997,0.997,0.995,0.994,0.995,0.995,0.986,0.981,0.976,0.967,0.945,0.880,0.790,0.600,0.290,0.040,0.000,0.000,0.000,0.000,0.000,0.000,0.000,0.000,N-SF8,S-TIM28,B ,RP,40
,E-FD10        ,728-283,1.70319,1.70875,1.71284,1.71677,1.72082,1.72198,1.72307,1.72803,1.72825,1.73432,1.74654,1.74811,1.76211,1.77609,,28.32,28.10,0.025715,0.026133,2.8815180,,-1.3228312,-2,3.1455590,-2,2.6851666,-3,-2.2577544,-4,2.4693268,-5,0.3753,0.1526,0.1576,0.2889,0.2360,0.4750,0.6058,0.5437,,0.3693,0.1502,0.1994,0.2400,0.2323,0.5277,0.5358,0.5350,,0.0073,-0.0010,0.0096,0.0085,, 0.03 ,1,0.03,1,> 45 ,1,< 0.01 ,1,< 0.01 ,1,< 0.3 ,1,590,630,552,565,708,90,113,,,545,5,150,87.70,34.90,0.26,,,,,,,1.0,1.1,1.2,1.3,1.5,1.6,-1.3,-0.9,-0.5,-0.2,0.2,0.5,100.00,3.07,,42/37,0.998,0.998,0.997,0.999,0.999,0.999,0.999,0.999,0.999,0.999,0.999,0.999,0.999,0.999,0.999,0.999,0.998,0.996,0.997,0.996,0.992,0.990,0.986,0.981,0.965,0.920,0.860,0.720,0.440,0.120,0.000,0.000,0.000,0.000,0.000,0.000,0.000,0.000,0.995,0.995,0.994,0.999,0.999,0.999,0.999,0.999,0.999,0.999,0.999,0.999,0.998,0.998,0.998,0.998,0.995,0.993,0.994,0.993,0.984,0.980,0.972,0.962,0.931,0.840,0.730,0.510,0.190,0.010,0.000,0.000,0.000,0.000,0.000,0.000,0.000,0.000,N-SF10,S-TIH10,A ,RP,41
,E-FD13        ,741-278,1.71485,1.72059,1.72482,1.72888,1.73307,1.73427,1.73540,1.74054,1.74077,1.74707,1.75976,1.76139,1.77597,1.79056,,27.76,27.54,0.026685,0.027125,2.9205906,,-1.3681618,-2,3.2567760,-2,2.8725519,-3,-2.4277107,-4,2.6614514,-5,0.3734,0.1521,0.1572,0.2885,0.2360,0.4755,0.6076,0.5466,,0.3673,0.1496,0.1989,0.2396,0.2322,0.5282,0.5374,0.5377,,0.0071,-0.0012,0.0106,0.0093,, 0.03 ,1,0.04,1,> 45 ,1,< 0.01 ,1,< 0.01 ,1,< 0.3 ,1,595,630,571,582,720,91,110,,,510,5,180,,,,,,,,,,1.0,1.1,1.2,1.3,1.3,1.4,-1.3,-0.9,-0.5,-0.2,0.0,0.3,100.00,3.11,,42/37,0.999,0.999,0.999,0.999,0.999,0.999,0.999,0.999,0.999,0.999,0.999,0.999,0.999,0.999,0.999,0.998,0.997,0.996,0.997,0.997,0.993,0.991,0.986,0.979,0.962,0.900,0.830,0.680,0.400,0.100,0.000,0.000,0.000,0.000,0.000,0.000,0.000,0.000,0.997,0.997,0.998,0.999,0.999,0.999,0.999,0.999,0.999,0.999,0.999,0.999,0.999,0.998,0.998,0.996,0.995,0.993,0.994,0.993,0.986,0.981,0.972,0.959,0.925,0.810,0.690,0.460,0.160,0.010,0.000,0.000,0.000,0.000,0.000,0.000,0.000,0.000,,S-TIH13,B ,RP,42
,E-FD15        ,699-301,1.67608,1.68120,1.68494,1.68852,1.69221,1.69326,1.69425,1.69875,1.69895,1.70444,1.71547,1.71689,1.72949,1.74204,1.76588,30.05,29.81,0.023259,0.023628,2.7919943,,-1.2311206,-2,2.8802741,-2,2.1430059,-3,-1.6932119,-4,1.9741766,-5,0.3811,0.1539,0.1586,0.2897,0.2362,0.4741,0.6028,0.5394,1.0251,0.3751,0.1515,0.2006,0.2407,0.2325,0.5267,0.5333,0.5310,1.0090,0.0072,-0.0008,0.0098,0.0086,0.0892, 0.02 ,1,0.04,1,> 45 ,1,< 0.01 ,1,< 0.01 ,1,< 0.3 ,1,590,630,546,561,712,87,106,,,545,5,140,85.20,34.10,0.25,,,,,,,1.5,1.5,1.6,1.8,1.9,2.1,-0.8,-0.4,0.0,0.3,0.7,1.0,100.00,2.95,,41/36,0.997,0.997,0.998,0.999,0.999,0.999,0.999,0.999,0.999,0.999,0.999,0.999,0.999,0.999,0.999,0.998,0.998,0.997,0.998,0.998,0.995,0.993,0.991,0.988,0.980,0.950,0.900,0.770,0.490,0.150,0.000,0.000,0.000,0.000,0.000,0.000,0.000,0.000,0.997,0.996,0.996,0.998,0.999,0.999,0.998,0.998,0.998,0.998,0.998,0.998,0.998,0.998,0.998,0.997,0.995,0.994,0.996,0.995,0.990,0.986,0.982,0.976,0.961,0.900,0.810,0.600,0.240,0.020,0.000,0.000,0.000,0.000,0.000,0.000,0.000,0.000,N-SF15,S-TIM35,B ,RP,43
,FD60          ,805-255,1.77495,1.78151,1.78643,1.79118,1.79611,1.79752,1.79885,1.80491,1.80518,1.81263,1.82774,1.82970,1.84721,1.86480,,25.46,25.25,0.031630,0.032180,3.1171483,,-1.1616277,-2,4.4864975,-2,1.6588491,-3,2.5716854,-5,1.4757657,-5,0.3629,0.1502,0.1558,0.2868,0.2355,0.4776,0.6156,0.5561,,0.3567,0.1477,0.1969,0.2381,0.2315,0.5304,0.5442,0.5466,,0.0041,-0.0017,0.0150,0.0132,, 0.02 ,1,0.05,1,> 70 ,1,< 0.01 ,1,< 0.01 ,1,< 0.3 ,1,595,635,585,593,680,93,108,1.100,0.636,550,6,180,91.70,36.10,0.27,81,13.0,,,,,0.0,0.1,0.3,0.5,0.6,0.8,-2.4,-1.9,-1.5,-1.1,-0.8,-0.5,2.64,3.36,,44/37,0.999,0.998,0.999,0.999,0.999,0.999,0.999,0.999,0.999,0.999,0.999,0.999,0.999,0.999,0.999,0.998,0.995,0.991,0.992,0.993,0.988,0.984,0.980,0.971,0.950,0.910,0.840,0.710,0.400,0.000,0.000,0.000,0.000,0.000,0.000,0.000,0.000,0.000,0.997,0.996,0.998,0.998,0.998,0.998,0.997,0.997,0.997,0.997,0.998,0.998,0.999,0.998,0.997,0.995,0.991,0.983,0.984,0.987,0.976,0.969,0.960,0.942,0.910,0.820,0.710,0.500,0.160,0.000,0.000,0.000,0.000,0.000,0.000,0.000,0.000,0.000,N-SF6),S-TIH6,MA,DP,43
,FD110         ,785-257,1.75554,1.76190,1.76665,1.77122,1.77597,1.77733,1.77861,1.78446,1.78472,1.79191,1.80648,1.80837,1.82527,1.84225,,25.72,25.51,0.030510,0.031042,3.0534415,,-1.2751810,-2,4.0609369,-2,2.2706109,-3,-7.8086606,-5,1.9874026,-5,0.3640,0.1501,0.1556,0.2867,0.2356,0.4778,0.6157,0.5567,,0.3578,0.1475,0.1967,0.2380,0.2315,0.5305,0.5442,0.5471,,0.0036,-0.0023,0.0159,0.0138,, 0.02 ,1,0.04,1,,1,,1,,1,,1,590,620,,,,91,105,,,545,5,190,90.90,36.00,0.27,,,,,,,0.5,0.6,0.7,0.8,0.9,1.0,-1.9,-1.5,-1.1,-0.8,-0.5,-0.2,100.00,3.25,,44/38,0.997,0.997,0.998,0.999,0.999,0.999,0.999,0.999,0.999,0.999,0.999,0.999,0.999,0.999,0.998,0.998,0.996,0.995,0.995,0.996,0.991,0.988,0.984,0.979,0.970,0.930,0.880,0.740,0.410,0.040,0.000,0.000,0.000,0.000,0.000,0.000,0.000,0.000,0.994,0.994,0.996,0.999,0.999,0.999,0.998,0.998,0.998,0.998,0.999,0.999,0.999,0.997,0.997,0.995,0.993,0.990,0.991,0.992,0.982,0.976,0.969,0.958,0.940,0.860,0.770,0.550,0.170,0.000,0.000,0.000,0.000,0.000,0.000,0.000,0.000,0.000,SF11,S-TIH11,A ,RP,47
,FD140         ,762-266,1.73423,1.74031,1.74480,1.74912,1.75359,1.75487,1.75608,1.76157,1.76182,1.76857,1.78222,1.78399,1.79975,1.81555,,26.61,26.39,0.028631,0.029119,2.9851294,,-1.4237988,-2,3.5496437,-2,2.8457557,-3,-1.9006799,-4,2.4309252,-5,0.3692,0.1509,0.1562,0.2873,0.2357,0.4769,0.6122,0.5519,,0.3630,0.1483,0.1975,0.2386,0.2318,0.5296,0.5412,0.5426,,0.0060,-0.0021,0.0137,0.0118,, 0.02 ,1,0.01,1,,1,,1,,1,,1,615,655,,,,84,101,,,585,6,160,90.80,36.20,0.26,,,,,,,1.7,1.7,1.9,2.0,2.2,2.4,-0.7,-0.3,0.1,0.5,0.8,1.2,100.00,3.25,,43/37,0.997,0.997,0.997,0.999,0.999,0.998,0.998,0.998,0.998,0.998,0.998,0.998,0.998,0.998,0.998,0.996,0.996,0.995,0.996,0.996,0.988,0.985,0.982,0.975,0.970,0.930,0.870,0.690,0.320,0.000,0.000,0.000,0.000,0.000,0.000,0.000,0.000,0.000,0.995,0.995,0.995,0.998,0.998,0.996,0.996,0.996,0.996,0.996,0.996,0.996,0.995,0.995,0.995,0.994,0.993,0.990,0.991,0.991,0.977,0.969,0.963,0.952,0.930,0.860,0.750,0.480,0.110,0.000,0.000,0.000,0.000,0.000,0.000,0.000,0.000,0.000,SF14,S-TIH14,A ,RP,52
,E-FDS1        ,923-209,1.88185,1.89064,1.89724,1.90366,1.91038,1.91231,1.91413,1.92248,1.92286,1.93323,1.95457,1.95738,1.98281,2.00919,,20.88,20.71,0.044198,0.045071,3.5044639,,-2.0333833,-2,5.3802700,-2,6.2874192,-3,-5.6922176,-4,7.3559387,-5,0.3482,0.1453,0.1519,0.2824,0.2346,0.4829,0.6388,0.5969,1.1987,0.3414,0.1425,0.1917,0.2342,0.2301,0.5358,0.5643,0.5854,1.1755,0.0018,-0.0050,0.0322,0.0282,0.2391, 0.02 ,1,0.02,1,45,2,< 0.01 ,1,< 0.01 ,1,0.4,2,660,705,,,,63,72,,,460,5,240,,,,,,,,,,0.3,0.5,0.8,1.1,1.5,1.8,-2.3,-1.7,-1.1,-0.5,0.0,0.5,100.00,3.94,,(45)/39,0.000,0.000,0.000,0.000,0.000,0.000,0.000,0.000,0.000,0.000,0.000,0.000,0.000,0.000,0.000,0.000,0.997,0.996,0.994,0.990,0.981,0.980,0.960,0.930,0.860,0.650,0.410,0.090,0.000,0.000,0.000,0.000,0.000,0.000,0.000,0.000,0.000,0.000,0.000,0.000,0.000,0.000,0.000,0.000,0.000,0.000,0.000,0.000,0.000,0.000,0.000,0.000,0.000,0.000,0.995,0.991,0.988,0.977,0.958,0.950,0.920,0.880,0.780,0.400,0.130,0.010,0.000,0.000,0.000,0.000,0.000,0.000,0.000,0.000,0.000,0.000,,S-NPH2,C ,RP,111
,FDS30         ,785-261,1.75615,1.76235,1.76697,1.77144,1.77610,1.77743,1.77869,1.78444,1.78470,1.79179,1.80616,1.80802,1.82466,1.84143,,26.10,25.88,0.030062,0.030591,3.0625480,,-1.4900756,-2,3.3984968,-2,4.3622376,-3,-4.1409275,-4,3.9426957,-5,0.3599,0.1488,0.1548,0.2862,0.2357,0.4780,0.6155,0.5578,,0.3537,0.1462,0.1958,0.2377,0.2316,0.5307,0.5440,0.5482,,-0.0044,-0.0049,0.0169,0.0142,, 0.01 ,1,0.03,1,,1,,1,,1,,1,590,630,,,,90,108,,,575,6,190,88.70,34.90,0.27,,,,,,,0.7,0.7,0.8,0.9,1.0,1.1,-1.7,-1.3,-1.0,-0.6,-0.3,-0.1,100.00,3.18,,43/37,0.999,0.998,0.999,0.999,0.999,0.999,0.999,0.999,0.999,0.998,0.998,0.999,0.998,0.999,0.999,0.998,0.996,0.994,0.995,0.995,0.989,0.985,0.981,0.975,0.960,0.920,0.860,0.730,0.410,0.060,0.000,0.000,0.000,0.000,0.000,0.000,0.000,0.000,0.998,0.997,0.995,0.998,0.999,0.999,0.998,0.998,0.998,0.997,0.997,0.998,0.997,0.997,0.998,0.995,0.992,0.990,0.991,0.990,0.978,0.970,0.962,0.950,0.930,0.850,0.750,0.540,0.170,0.000,0.000,0.000,0.000,0.000,0.000,0.000,0.000,0.000,N-SF56,S-TIH23,C ,RP,59
,FDS90         ,847-238,1.81300,1.82028,1.82572,1.83100,1.83649,1.83807,1.83956,1.84636,1.84666,1.85505,1.87209,1.87430,1.89413,1.91423,,23.78,23.60,0.035597,0.036234,3.2606321,,-1.7780398,-2,4.0902938,-2,5.6076934,-3,-5.6434039,-4,5.4763391,-5,0.3574,0.1482,0.1544,0.2857,0.2356,0.4787,0.6191,0.5648,,0.3511,0.1456,0.1952,0.2372,0.2314,0.5314,0.5471,0.5548,,0.0029,-0.0032,0.0158,0.0136,, 0.05 ,2,0.04,1,,1,,1,,1,,1,615,650,,619,711,90,104,,,550,6,160,101.30,40.70,0.24,,,,,,,0.3,0.4,0.5,0.6,0.8,1.0,-2.2,-1.8,-1.4,-1.0,-0.6,-0.3,2.73,3.50,B,(42)/37,0.999,0.999,0.999,0.999,0.999,0.998,0.998,0.998,0.998,0.998,0.998,0.997,0.997,0.996,0.996,0.995,0.995,0.994,0.995,0.993,0.985,0.980,0.970,0.960,0.920,0.840,0.750,0.570,0.250,0.020,0.000,0.000,0.000,0.000,0.000,0.000,0.000,0.000,0.997,0.997,0.999,0.999,0.998,0.997,0.997,0.997,0.997,0.996,0.996,0.995,0.995,0.992,0.992,0.990,0.990,0.988,0.990,0.987,0.970,0.960,0.940,0.910,0.850,0.700,0.560,0.330,0.060,0.000,0.000,0.000,0.000,0.000,0.000,0.000,0.000,0.000,SFL57,S-TIH53,MA,DN,58
,FF5           ,593-355,1.57579,1.57970,1.58249,1.58513,1.58782,1.58858,1.58930,1.59256,1.59270,1.59666,1.60454,1.60555,1.61445,1.62320,1.63952,35.45,35.17,0.016722,0.016967,2.4743324,,-1.0955338,-2,1.9293801,-2,1.4497732,-3,-1.1038744,-4,1.1136008,-5,0.4008,0.1576,0.1610,0.2921,0.2365,0.4714,0.5926,0.5233,0.9760,0.3950,0.1553,0.2038,0.2428,0.2331,0.5241,0.5245,0.5158,0.9619,0.0078,-0.0013,0.0095,0.0081,0.0717,,1,,1,> 70 ,1,< 0.01 ,1,0.01,1,< 0.3 ,1,515,570,,,,86,94,,,500,5,180,,,,,,,,,,0.4,0.5,0.7,0.8,1.0,1.1,-1.8,-1.3,-0.9,-0.6,-0.3,0.0,3.31,2.64,,38/35,0.000,0.000,0.000,0.000,0.000,0.000,0.000,0.000,0.000,0.000,0.000,0.000,0.000,0.000,0.000,0.000,0.999,0.999,0.999,0.999,0.997,0.996,0.994,0.994,0.994,0.988,0.979,0.953,0.870,0.610,0.200,0.000,0.000,0.000,0.000,0.000,0.000,0.000,0.000,0.000,0.000,0.000,0.000,0.000,0.000,0.000,0.000,0.000,0.000,0.000,0.000,0.000,0.000,0.000,0.999,0.999,0.999,0.999,0.995,0.992,0.989,0.988,0.988,0.976,0.958,0.909,0.760,0.380,0.040,0.000,0.000,0.000,0.000,0.000,0.000,0.000,,S-FTM16,B ,RP,30
,FF8           ,752-251,1.72326,1.72968,1.73437,1.73887,1.74352,1.74485,1.74611,1.75185,1.75211,1.75918,1.77355,1.77541,1.79214,1.80912,,25.05,24.84,0.030028,0.030561,2.9564361,,-1.9762195,-2,2.9878823,-2,5.1830852,-3,-5.4202389,-4,4.8463245,-5,0.3701,0.1496,0.1550,0.2860,0.2355,0.4785,0.6191,0.5656,,0.3636,0.1470,0.1959,0.2374,0.2314,0.5312,0.5472,0.5557,,0.0118,-0.0026,0.0184,0.0159,, 0.02 ,1,0.03,1,> 70 ,1,< 0.01 ,1,< 0.01 ,1,< 0.3 ,1,580,650,,,,,76,,,425,4,250,,,,,,,,,,,,,,,,,,,,,,100.00,3.14,,43/37,0.992,0.991,0.990,0.998,0.998,0.998,0.998,0.998,0.998,0.998,0.998,0.998,0.998,0.998,0.998,0.998,0.997,0.997,0.996,0.993,0.988,0.984,0.980,0.973,0.960,0.900,0.820,0.660,0.370,0.050,0.000,0.000,0.000,0.000,0.000,0.000,0.000,0.000,0.984,0.982,0.980,0.996,0.997,0.996,0.997,0.996,0.996,0.996,0.996,0.996,0.996,0.997,0.996,0.996,0.995,0.993,0.991,0.986,0.976,0.969,0.959,0.946,0.910,0.810,0.670,0.440,0.140,0.000,0.000,0.000,0.000,0.000,0.000,0.000,0.000,0.000,              ,,C ,RP,94
,LAFL2         ,697-485,1.68177,1.68537,1.68791,1.69029,1.69270,1.69338,1.69402,1.69687,1.69700,1.70042,1.70707,1.70790,1.71509,1.72185,1.73358,48.51,48.23,0.014367,0.014523,2.8178044,,-1.0126306,-2,2.0989819,-2,6.0692316,-4,-2.1975044,-5,2.0172856,-6,0.4273,0.1657,0.1675,0.2993,0.2380,0.4627,0.5586,0.4703,0.8165,0.4227,0.1639,0.2125,0.2493,0.2355,0.5152,0.4951,0.4652,0.8077,-0.0121,-0.0025,-0.0019,-0.0023,-0.0251, 0.01 ,1,0.63,3,25,3,0.01,1,0.03,2,6.3,3,610,670,,,,,86,,,585,6,160,,,,,,,,,,,,,,,,,,,,,,100.00,4.05,,38/33,0.997,0.997,0.997,0.999,0.999,0.999,0.999,0.999,0.999,0.999,0.999,0.999,0.999,0.999,0.999,0.999,0.999,0.999,0.999,0.999,0.999,0.998,0.997,0.996,0.994,0.988,0.979,0.965,0.930,0.870,0.740,0.490,0.170,0.000,0.000,0.000,0.000,0.000,0.995,0.994,0.995,0.997,0.998,0.998,0.997,0.997,0.997,0.997,0.998,0.998,0.998,0.998,0.998,0.999,0.998,0.998,0.998,0.999,0.998,0.996,0.994,0.992,0.989,0.976,0.959,0.931,0.870,0.760,0.540,0.240,0.030,0.000,0.000,0.000,0.000,0.000,,S-LAM59,C ,RP,55
,LAF2          ,744-449,1.72670,1.73070,1.73359,1.73630,1.73906,1.73984,1.74057,1.74386,1.74400,1.74794,1.75563,1.75660,1.76496,1.77285,1.78660,44.90,44.63,0.016571,0.016760,2.9657374,,-9.6571624,-3,2.6024525,-2,3.6684641,-4,2.8205551,-5,-1.3739929,-7,0.4157,0.1638,0.1664,0.2982,0.2378,0.4640,0.5629,0.4762,0.8297,0.4110,0.1620,0.2109,0.2484,0.2352,0.5165,0.4988,0.4708,0.8204,-0.0098,-0.0012,-0.0047,-0.0045,-0.0380, 0.02 ,1,0.59,3,,2,,1,,2,,2,650,710,631,653,781,72,86,0.812,0.452,585,6,160,96.80,37.20,0.29,78,11.0,1.0,15,1.0,15,2.7,2.7,2.8,2.9,2.9,3.0,0.4,0.7,1.1,1.3,1.6,1.8,100.00,4.39,,38/32,0.998,0.998,0.999,0.999,0.999,0.999,0.999,0.999,0.999,0.999,0.999,0.999,0.999,0.999,0.999,0.999,0.999,0.998,0.998,0.998,0.997,0.995,0.993,0.991,0.989,0.983,0.975,0.960,0.930,0.880,0.800,0.650,0.430,0.190,0.030,0.000,0.000,0.000,0.997,0.997,0.998,0.999,0.999,0.999,0.999,0.999,0.999,0.999,0.999,0.999,0.999,0.999,0.999,0.998,0.997,0.996,0.996,0.997,0.994,0.990,0.986,0.983,0.979,0.966,0.950,0.922,0.870,0.780,0.640,0.420,0.190,0.040,0.000,0.000,0.000,0.000,N-LAF21,S-LAM 2,B ,RP,77
,LAF3          ,717-480,1.70113,1.70484,1.70750,1.70999,1.71251,1.71322,1.71389,1.71687,1.71700,1.72056,1.72745,1.72832,1.73576,1.74274,1.75485,47.98,47.72,0.014944,0.015098,2.8789799,,-8.7292370,-3,2.4425656,-2,4.5491773,-5,4.2802928,-5,-7.2834306,-7,0.4262,0.1668,0.1686,0.3004,0.2381,0.4614,0.5556,0.4674,0.8103,0.4218,0.1651,0.2139,0.2503,0.2357,0.5140,0.4927,0.4626,0.8020,-0.0085,0.0003,-0.0072,-0.0062,-0.0390, 0.04 ,1,0.86,4,45,2,< 0.01 ,1,0.04,2,5.7,3,600,655,,,,80,95,,,555,6,180,94.20,36.60,0.29,,,,,,,1.6,1.5,1.4,1.4,1.4,1.5,-0.7,-0.5,-0.3,-0.1,0.1,0.3,2.71,4.20,,37/32,0.998,0.998,0.998,0.999,0.999,0.999,0.999,0.999,0.998,0.999,0.998,0.999,0.999,0.998,0.999,0.999,0.999,0.999,0.999,0.999,0.999,0.998,0.996,0.994,0.993,0.988,0.982,0.971,0.950,0.910,0.830,0.680,0.430,0.160,0.000,0.000,0.000,0.000,0.995,0.995,0.996,0.997,0.998,0.997,0.997,0.997,0.997,0.997,0.997,0.997,0.997,0.996,0.997,0.997,0.999,0.997,0.997,0.997,0.997,0.996,0.991,0.987,0.986,0.975,0.965,0.943,0.900,0.820,0.680,0.460,0.190,0.020,0.000,0.000,0.000,0.000,N-LAF3,S-LAM 3,C ,RP,63
,E-LAF7        ,750-350,1.72798,1.73289,1.73644,1.73980,1.74325,1.74422,1.74515,1.74931,1.74950,1.75456,1.76464,1.76592,1.77727,1.78839,1.80904,35.04,34.77,0.021390,0.021700,2.9704178,,-1.3290679,-2,2.8359006,-2,1.7661786,-3,-1.2453482,-4,1.3951937,-5,0.3955,0.1573,0.1611,0.2923,0.2367,0.4710,0.5905,0.5200,0.9654,0.3899,0.1550,0.2039,0.2431,0.2333,0.5236,0.5227,0.5125,0.9516,0.0042,-0.0010,0.0063,0.0053,0.0542, 0.02 ,1,0.20,2,> 45 ,1,0.01,1,< 0.01 ,1,3.5,2,620,670,,,,68,85,,,570,6,130,,,,,,,,,,3.2,3.2,3.3,3.4,3.6,3.8,0.8,1.2,1.6,1.9,2.3,2.6,100.00,3.72,,43/36,0.998,0.998,0.998,0.999,0.999,0.999,0.999,0.999,0.999,0.999,0.999,0.999,0.999,0.999,0.999,0.999,0.999,0.998,0.996,0.993,0.989,0.985,0.981,0.973,0.960,0.910,0.850,0.720,0.500,0.220,0.080,0.000,0.000,0.000,0.000,0.000,0.000,0.000,0.996,0.996,0.996,0.999,0.999,0.999,0.999,0.999,0.999,0.999,0.999,0.999,0.999,0.999,0.999,0.998,0.998,0.996,0.992,0.997,0.979,0.971,0.962,0.947,0.920,0.820,0.720,0.520,0.250,0.050,0.010,0.000,0.000,0.000,0.000,0.000,0.000,0.000,N-LAF7,S-NBH51,B ,RP,74
,NBF1          ,743-492,1.72681,1.73083,1.73361,1.73617,1.73874,1.73946,1.74014,1.74317,1.74330,1.74690,1.75384,1.75471,1.76214,1.76907,1.78109,49.22,48.99,0.015101,0.015246,2.9753491,,-1.4613470,-2,2.1096383,-2,1.1980380,-3,-1.1887388,-4,7.3444350,-6,0.4502,0.1697,0.1703,0.3018,0.2384,0.4598,0.5493,0.4590,0.7959,0.4459,0.1681,0.2160,0.2516,0.2361,0.5123,0.4872,0.4547,0.7884,0.0142,0.0033,-0.0121,-0.0103,-0.0507, 0.04 ,1,0.87,4,10,4,< 0.01 ,1,0.33,3,5.0,2,590,625,,,667,53,76,1.040,0.649,675,7,70,108.80,41.60,0.31,,9.9,3.4,16,0.8,15,8.0,7.9,7.9,7.9,8.0,8.1,5.6,5.9,6.2,6.4,6.7,6.9,2.28,4.17,,37/30,0.995,0.995,0.995,0.999,0.999,0.999,0.999,0.999,0.999,0.999,0.999,0.999,0.999,0.999,0.999,0.999,0.999,0.999,0.999,0.999,0.999,0.999,0.998,0.997,0.995,0.992,0.990,0.985,0.976,0.963,0.939,0.901,0.843,0.732,0.510,0.194,0.025,0.000,0.991,0.989,0.990,0.999,0.999,0.999,0.999,0.999,0.999,0.999,0.999,0.999,0.999,0.998,0.999,0.998,0.999,0.999,0.999,0.999,0.998,0.998,0.996,0.993,0.991,0.985,0.980,0.970,0.953,0.926,0.881,0.813,0.710,0.536,0.261,0.038,0.000,0.000,              ,S-LAM60,MA,DP,65
,NBF2          ,757-477,1.73984,1.74398,1.74687,1.74954,1.75223,1.75298,1.75369,1.75686,1.75700,1.76078,1.76809,1.76901,1.77690,1.78428,1.79705,47.71,47.47,0.015866,0.016028,3.0170177,,-1.3625149,-2,2.4142489,-2,5.9520693,-4,-1.2146589,-5,1.4445534,-6,0.4430,0.1685,0.1693,0.3007,0.2381,0.4612,0.5547,0.4656,0.8047,0.4385,0.1668,0.2147,0.2506,0.2357,0.5137,0.4919,0.4609,0.7966,0.0120,0.0030,-0.0090,-0.0076,-0.0487, 0.04 ,1,0.88,4,,4,,2,,2,,3,605,630,,,,53,70,,,705,7,80,110.10,42.10,0.31,,,,,,,7.8,7.9,8.1,8.2,8.4,8.5,5.4,5.9,6.3,6.7,7.0,7.3,2.29,4.25,,37/30,0.997,0.996,0.997,0.999,0.999,0.999,0.999,0.999,0.999,0.999,0.999,0.999,0.999,0.999,0.999,0.999,0.999,0.999,0.999,0.999,0.999,0.999,0.998,0.997,0.996,0.993,0.991,0.986,0.978,0.966,0.941,0.906,0.843,0.721,0.476,0.156,0.000,0.000,0.993,0.993,0.994,0.999,0.998,0.999,0.998,0.999,0.999,0.998,0.998,0.998,0.998,0.998,0.999,0.999,0.999,0.999,0.999,0.999,0.999,0.997,0.996,0.994,0.991,0.986,0.982,0.972,0.957,0.933,0.885,0.820,0.711,0.519,0.226,0.024,0.000,0.000,,S-LAM54,B ,RP,77
,TAF1          ,773-496,1.75536,1.75958,1.76247,1.76514,1.76780,1.76854,1.76924,1.77236,1.77250,1.77621,1.78336,1.78426,1.79193,1.79909,1.81143,49.62,49.39,0.015567,0.015715,3.0736378,,-1.5501284,-2,2.3627699,-2,6.6300852,-4,-2.8353438,-5,2.2090799,-6,0.4571,0.1710,0.1710,0.3021,0.2382,0.4596,0.5503,0.4601,0.7927,0.4527,0.1694,0.2168,0.2518,0.2360,0.5122,0.4881,0.4557,0.7852,0.0212,0.0048,-0.0106,-0.0086,-0.0493, 0.01 ,1,0.62,3,,2,,1,,2,,2,660,695,651,663,732,59,71,0.913,0.498,750,7,60,128.80,50.40,0.28,,10.9,5.0,16,1.3,15,4.8,4.7,4.8,4.9,5.0,5.2,2.4,2.7,3.0,3.3,3.7,4.0,1.49,4.28,,37/30,0.996,0.996,0.999,0.999,0.999,0.999,0.999,0.999,0.999,0.999,0.999,0.999,0.999,0.998,0.999,0.999,0.999,0.999,0.999,0.999,0.999,0.999,0.998,0.995,0.993,0.991,0.987,0.982,0.973,0.956,0.930,0.889,0.820,0.690,0.441,0.151,0.019,0.000,0.992,0.993,0.999,0.999,0.998,0.998,0.999,0.999,0.999,0.999,0.999,0.998,0.998,0.996,0.997,0.998,0.999,0.999,0.999,0.999,0.999,0.997,0.996,0.991,0.987,0.982,0.974,0.963,0.946,0.915,0.865,0.791,0.673,0.476,0.195,0.023,0.000,0.000,N-LAF34,S-LAH66,MA,DN,116
,TAF2          ,795-454,1.77578,1.78024,1.78338,1.78630,1.78925,1.79008,1.79085,1.79434,1.79450,1.79866,1.80675,1.80777,1.81651,1.82472,1.83905,45.39,45.15,0.017505,0.017691,3.1415564,,-1.4370304,-2,2.6483051,-2,9.5642714,-4,-5.9411087,-5,4.7039530,-6,0.4343,0.1668,0.1683,0.2999,0.2381,0.4621,0.5572,0.4694,0.8184,0.4297,0.1651,0.2134,0.2499,0.2356,0.5146,0.4939,0.4645,0.8099,0.0114,0.0031,-0.0111,-0.0094,-0.0518, 0.01 ,1,0.52,3,70,1,< 0.01 ,1,0.02,2,2.3,2,650,685,,,,60,72,,,745,7,60,121.10,46.60,0.30,,,,,,,4.7,4.8,4.9,5.0,5.2,5.3,2.3,2.7,3.1,3.5,3.8,4.1,1.55,4.35,,40/32,0.996,0.995,0.996,0.999,0.999,0.999,0.999,0.999,0.999,0.999,0.999,0.999,0.999,0.999,0.999,0.999,0.999,0.999,0.999,0.999,0.997,0.996,0.994,0.991,0.988,0.980,0.972,0.957,0.933,0.893,0.820,0.709,0.510,0.234,0.031,0.000,0.000,0.000,0.992,0.991,0.992,0.999,0.999,0.999,0.999,0.999,0.999,0.999,0.999,0.999,0.999,0.999,0.999,0.999,0.998,0.997,0.997,0.997,0.995,0.992,0.988,0.983,0.977,0.960,0.945,0.917,0.871,0.797,0.672,0.502,0.261,0.055,0.001,0.000,0.000,0.000,N-LAF32,,B ,RP,165
,TAF3          ,804-465,1.78551,1.79001,1.79316,1.79607,1.79900,1.79983,1.80060,1.80405,1.80420,1.80831,1.81630,1.81730,1.82594,1.83408,1.84820,46.50,46.26,0.017294,0.017474,3.1743707,,-1.4110466,-2,2.8862637,-2,3.3559490,-5,8.0422109,-5,-2.8956744,-6,0.4424,0.1686,0.1693,0.3005,0.2379,0.4616,0.5579,0.4706,0.8161,0.4378,0.1669,0.2147,0.2503,0.2355,0.5142,0.4947,0.4658,0.8077,0.0172,0.0046,-0.0084,-0.0067,-0.0430, 0.02 ,1,0.46,3,,2,,1,,2,,2,680,710,671,683,757,63,75,0.850,0.469,760,7,60,124.80,48.10,0.30,,11.8,2.7,15,1.3,15,3.8,3.8,3.9,4.0,4.1,4.3,1.4,1.7,2.1,2.4,2.8,3.1,1.37,4.65,,40/31,0.998,0.998,0.998,0.999,0.999,0.999,0.999,0.999,0.999,0.999,0.999,0.999,0.999,0.999,0.999,0.999,0.999,0.999,0.999,0.999,0.998,0.998,0.993,0.990,0.985,0.976,0.960,0.940,0.910,0.840,0.710,0.640,0.500,0.350,0.210,0.090,0.000,0.000,0.997,0.995,0.990,0.996,0.998,0.998,0.999,0.999,0.998,0.998,0.999,0.999,0.999,0.999,0.999,0.999,0.999,0.999,0.999,0.999,0.996,0.996,0.987,0.979,0.970,0.953,0.930,0.890,0.820,0.710,0.510,0.410,0.250,0.120,0.050,0.010,0.000,0.000,N-LASF44,S-LAH65,MA,DN,163
,TAF4          ,788-475,1.77000,1.77435,1.77738,1.78018,1.78300,1.78379,1.78453,1.78785,1.78800,1.79195,1.79959,1.80055,1.80878,1.81649,1.82981,47.49,47.26,0.016592,0.016758,3.1212281,,-1.4119909,-2,2.6520622,-2,4.0415763,-4,1.4260634,-5,3.1642560,-7,0.4446,0.1691,0.1698,0.3012,0.2381,0.4607,0.5537,0.4647,0.8028,0.4402,0.1674,0.2154,0.2510,0.2358,0.5133,0.4911,0.4601,0.7949,0.0157,0.0044,-0.0109,-0.0090,-0.0534, 0.01 ,1,0.63,3,45,2,< 0.01 ,1,0.02,2,2.7,2,660,690,,,,58,77,,,745,7,60,121.90,47.00,0.30,,,,,,,4.7,4.7,4.8,4.9,5.0,5.2,2.3,2.7,3.0,3.4,3.7,4.0,100.00,4.54,,38/31,0.996,0.996,0.997,0.999,0.999,0.999,0.999,0.999,0.999,0.999,0.999,0.999,0.999,0.999,0.999,0.999,0.999,0.999,0.999,0.999,0.999,0.999,0.997,0.996,0.994,0.990,0.985,0.978,0.964,0.942,0.898,0.829,0.700,0.464,0.141,     ,0.000,0.000,0.993,0.992,0.995,0.999,0.999,0.999,0.999,0.999,0.999,0.999,0.999,0.999,0.999,0.999,0.999,0.999,0.999,0.999,0.999,0.999,0.997,0.997,0.993,0.992,0.987,0.980,0.971,0.956,0.930,0.887,0.806,0.687,0.490,0.215,0.020,0.000,0.000,0.000,N-LAF21,S-LAH64,B ,RP,159
,TAF5          ,816-466,1.79722,1.80172,1.80487,1.80780,1.81074,1.81157,1.81235,1.81584,1.81600,1.82017,1.82827,1.82928,1.83801,1.84619,1.86034,46.57,46.32,0.017522,0.017706,3.2191571,,-1.5310562,-2,2.6362570,-2,1.0534452,-3,-6.1660412,-5,3.9733897,-6,0.4366,0.1670,0.1683,0.2999,0.2381,0.4620,0.5561,0.4668,0.8077,0.4320,0.1652,0.2135,0.2499,0.2356,0.5145,0.4930,0.4619,0.7993,0.0084,0.0019,-0.0094,-0.0083,-0.0546, 0.04 ,1,0.37,3,,2,,1,,2,,2,700,740,,,,,63,,,755,7,60,123.40,47.50,0.30,,,,,,,4.3,4.3,4.3,4.5,4.6,4.8,1.8,2.2,2.5,2.9,3.2,3.5,100.00,5.06,,39/30,0.000,0.000,0.000,0.000,0.000,0.000,0.000,0.000,0.000,0.000,0.000,0.000,0.000,0.000,0.000,0.000,0.999,0.998,0.996,0.998,0.999,0.998,0.998,0.996,0.993,0.982,0.973,0.960,0.930,0.880,0.810,0.710,0.580,0.430,0.240,0.140,0.000,0.000,0.000,0.000,0.000,0.000,0.000,0.000,0.000,0.000,0.000,0.000,0.000,0.000,0.000,0.000,0.000,0.000,0.997,0.996,0.993,0.996,0.997,0.996,0.996,0.991,0.985,0.964,0.946,0.920,0.860,0.770,0.660,0.510,0.340,0.190,0.060,0.020,0.000,0.000,              ,S-LAH59,B ,RP,382
,NBFD3         ,805-396,1.78348,1.78836,1.79185,1.79514,1.79849,1.79943,1.80032,1.80433,1.80450,1.80932,1.81879,1.81998,1.83038,1.84030,1.85788,39.64,39.39,0.020298,0.020549,3.1633746,,-1.3276280,-2,3.1133309,-2,8.3523380,-4,2.9980499,-6,2.5568853,-6,0.4124,0.1621,0.1648,0.2964,0.2375,0.4661,0.5713,0.4888,0.8659,0.4074,0.1601,0.2089,0.2467,0.2346,0.5187,0.5061,0.4828,0.8554,0.0083,0.0020,-0.0065,-0.0056,-0.0357, 0.06 ,2,0.00,5,25,3,< 0.01 ,1,0.14,2,1.9,2,585,615,,,,53,72,,,615,6,80,115.30,44.60,0.29,,,,,,,8.2,8.4,8.6,8.8,9.0,9.2,5.8,6.3,6.8,7.3,7.7,7.8,2.37,4.39,,41/35,0.997,0.996,0.998,0.999,0.999,0.999,0.999,0.999,0.999,0.999,0.999,0.999,0.999,0.999,0.999,0.999,0.999,0.999,0.999,0.999,0.999,0.996,0.996,0.991,0.985,0.971,0.960,0.930,0.860,0.730,0.450,0.000,0.000,0.000,0.000,0.000,0.000,0.000,0.994,0.993,0.996,0.999,0.999,0.999,0.999,0.999,0.999,0.999,0.999,0.999,0.999,0.999,0.999,0.999,0.997,0.997,0.997,0.997,0.997,0.993,0.993,0.982,0.970,0.943,0.910,0.860,0.750,0.530,0.200,0.000,0.000,0.000,0.000,0.000,0.000,0.000,              ,S-LAH63,C ,RP,92
,NBFD10        ,834-373,1.81116,1.81642,1.82020,1.82378,1.82742,1.82845,1.82942,1.83381,1.83400,1.83930,1.84975,1.85108,1.86268,1.87385,1.89393,37.34,37.09,0.022333,0.022629,3.2615573,,-1.4542851,-2,3.3470739,-2,1.2266479,-3,-2.5391842,-5,5.5971739,-6,0.4049,0.1600,0.1632,0.2946,0.2371,0.4682,0.5789,0.5002,0.8990,0.3996,0.1579,0.2067,0.2452,0.2340,0.5208,0.5126,0.4937,0.8872,0.0077,0.0010,-0.0024,-0.0021,-0.0116, 0.01 ,1,0.58,3,25,3,< 0.01 ,1,0.03,2,1.6,2,590,625,,,663,59,69,0.971,0.490,695,7,70,116.30,45.00,0.29,110,12.0,1.0,15,1.0,15,7.9,8.1,8.3,8.5,8.8,9.0,5.5,6.0,6.5,7.0,7.4,7.7,2.25,4.57,,43/35,0.998,0.997,0.998,0.999,0.999,0.999,0.999,0.999,0.999,0.999,0.999,0.999,0.999,0.999,0.999,0.999,0.999,0.999,0.999,0.999,0.997,0.994,0.990,0.983,0.970,0.950,0.920,0.870,0.760,0.550,0.210,0.050,0.000,0.000,0.000,0.000,0.000,0.000,0.996,0.993,0.996,0.999,0.999,0.999,0.999,0.999,0.999,0.999,0.999,0.999,0.999,0.999,0.999,0.999,0.998,0.998,0.998,0.998,0.994,0.988,0.980,0.966,0.940,0.900,0.840,0.750,0.570,0.300,0.050,0.000,0.000,0.000,0.000,0.000,0.000,0.000,N-LASF40,S-LAH60,MA,DP,87
,NBFD11        ,786-439,1.76688,1.77134,1.77453,1.77752,1.78053,1.78138,1.78218,1.78574,1.78590,1.79015,1.79842,1.79946,1.80846,1.81696,1.83175,43.93,43.70,0.017888,0.018081,3.1010267,,-1.0022108,-2,3.2631687,-2,-8.1029268,-4,1.9350110,-4,-8.0279799,-6,0.4277,0.1670,0.1685,0.2999,0.2378,0.4623,0.5610,0.4754,0.8267,0.4231,0.1652,0.2137,0.2498,0.2353,0.5150,0.4975,0.4704,0.8179,0.0120,0.0054,-0.0105,-0.0081,-0.0503, 0.02 ,1,0.46,3,25,3,< 0.01 ,1,0.12,2,2.7,2,595,615,,,673,57,71,,,690,7,70,110.00,42.00,0.31,,,,,,,7.2,7.6,7.9,8.2,8.5,8.6,4.7,5.5,6.2,6.7,7.1,7.4,2.16,4.43,,39/32,0.998,0.997,0.998,0.999,0.999,0.999,0.999,0.999,0.999,0.999,0.999,0.999,0.999,0.999,0.999,0.999,0.999,0.999,0.999,0.999,0.996,0.994,0.992,0.990,0.987,0.978,0.970,0.950,0.930,0.880,0.810,0.690,0.500,0.240,0.060,0.000,0.000,0.000,0.996,0.994,0.997,0.999,0.999,0.999,0.999,0.999,0.999,0.999,0.999,0.999,0.999,0.999,0.999,0.998,0.997,0.997,0.997,0.997,0.993,0.988,0.984,0.979,0.973,0.957,0.940,0.910,0.860,0.780,0.650,0.480,0.250,0.060,0.000,0.000,0.000,0.000,              ,(S-LAH51),A ,DP,84
,NBFD12        ,800-423,1.77969,1.78433,1.78763,1.79073,1.79388,1.79476,1.79559,1.79934,1.79950,1.80399,1.81276,1.81386,1.82342,1.83248,1.84838,42.34,42.09,0.018883,0.019101,3.1513655,,-1.3052015,-2,2.9502111,-2,6.7643437,-4,3.6679701,-6,1.8233293,-6,0.4208,0.1642,0.1664,0.2980,0.2377,0.4643,0.5648,0.4797,0.8418,0.4160,0.1623,0.2109,0.2482,0.2350,0.5168,0.5005,0.4742,0.8322,0.0077,0.0023,-0.0084,-0.0072,-0.0450, 0.01 ,1,0.70,4,25,3,< 0.01 ,1,0.07,2,1.9,2,595,620,,,,57,77,,,670,7,70,109.80,42.10,0.31,,,,,,,7.9,8.0,8.0,8.1,8.2,8.3,5.5,5.9,6.3,6.6,6.8,7.0,2.28,4.45,,39/33,0.999,0.999,0.999,0.999,0.999,0.999,0.999,0.999,0.999,0.999,0.999,0.999,0.999,0.999,0.999,0.999,0.999,0.999,0.999,0.998,0.997,0.996,0.995,0.993,0.991,0.987,0.981,0.972,0.954,0.920,0.841,0.685,0.398,0.106,0.000,0.000,0.000,0.000,0.996,0.996,0.997,0.999,0.999,0.999,0.999,0.999,0.999,0.999,0.999,0.999,0.999,0.999,0.999,0.999,0.997,0.997,0.997,0.996,0.994,0.992,0.989,0.986,0.982,0.974,0.962,0.945,0.911,0.847,0.708,0.469,0.158,0.011,0.000,0.000,0.000,0.000,              ,S-LAH52,C ,RP,85
,NBFD13        ,806-407,1.78545,1.79027,1.79371,1.79694,1.80022,1.80115,1.80202,1.80593,1.80610,1.81081,1.82001,1.82117,1.83123,1.84081,1.85785,40.73,40.49,0.019790,0.020024,3.1729223,,-1.4248534,-2,2.9168114,-2,1.3428760,-3,-9.6178753,-5,8.4042556,-6,0.4174,0.1632,0.1657,0.2974,0.2377,0.4649,0.5671,0.4840,0.8611,0.4126,0.1613,0.2100,0.2476,0.2349,0.5174,0.5024,0.4784,0.8510,0.0101,0.0026,-0.0093,-0.0079,-0.0356, 0.02 ,1,0.50,3,45,2,< 0.01 ,1,0.02,2,1.4,2,625,665,616,628,697,57,68,0.996,0.507,680,7,70,114.30,43.90,0.30,104,12.0,1.0,15,1.0,15,5.6,5.6,5.6,5.7,5.9,6.1,3.2,3.5,3.8,4.2,4.5,4.9,1.85,4.38,,41/34,0.998,0.998,0.998,0.999,0.999,0.999,0.999,0.999,0.999,0.999,0.999,0.999,0.999,0.999,0.999,0.999,0.999,0.999,0.999,0.999,0.997,0.996,0.993,0.986,0.980,0.962,0.940,0.910,0.850,0.720,0.480,0.160,0.000,0.000,0.000,0.000,0.000,0.000,0.997,0.996,0.997,0.999,0.999,0.999,0.999,0.999,0.999,0.999,0.999,0.999,0.999,0.999,0.999,0.999,0.999,0.999,0.999,0.999,0.994,0.991,0.985,0.973,0.961,0.925,0.890,0.830,0.720,0.520,0.230,0.030,0.000,0.000,0.000,0.000,0.000,0.000,(N-LASF43),S-LAH53,MA,DN,83
,NBFD15        ,806-333,1.78191,1.78735,1.79133,1.79512,1.79902,1.80012,1.80117,1.80589,1.80610,1.81184,1.82325,1.82470,1.83750,1.84998,1.87290,33.27,33.03,0.024230,0.024579,3.1540011,,-1.3256753,-2,3.4103312,-2,1.8472167,-3,-1.0807332,-4,1.2975901,-5,0.3887,0.1565,0.1608,0.2924,0.2368,0.4708,0.5883,0.5150,0.9460,0.3832,0.1543,0.2035,0.2431,0.2334,0.5234,0.5207,0.5077,0.9325,0.0046,0.0001,0.0000,0.0000,0.0141, 0.01 ,1,0.02,1,,1,,1,,1,,1,665,715,,,,73,88,,,685,7,100,116.40,45.40,0.28,,,,,,,4.3,4.4,4.6,4.7,4.9,5.1,1.8,2.3,2.8,3.2,3.6,3.9,100.00,3.47,,43/35,0.999,0.999,0.999,0.999,0.999,0.999,0.999,0.999,0.999,0.999,0.999,0.999,0.998,0.998,0.998,0.998,0.997,0.997,0.997,0.997,0.993,0.989,0.985,0.980,0.970,0.950,0.900,0.840,0.730,0.510,0.250,0.070,0.000,0.000,0.000,0.000,0.000,0.000,0.999,0.998,0.998,0.999,0.999,0.999,0.999,0.999,0.999,0.999,0.998,0.998,0.996,0.996,0.997,0.996,0.995,0.993,0.994,0.993,0.986,0.979,0.971,0.959,0.940,0.910,0.820,0.710,0.530,0.260,0.060,0.000,0.000,0.000,0.000,0.000,0.000,0.000,              ,,A ,RP,66
,TAFD5         ,835-430,1.81445,1.81928,1.82272,1.82594,1.82919,1.83011,1.83097,1.83483,1.83500,1.83962,1.84862,1.84975,1.85955,1.86881,1.88494,42.98,42.75,0.019426,0.019643,3.2729098,,-1.2888257,-2,3.3451363,-2,-6.8221381,-5,1.1215427,-4,-4.0485659,-6,0.4257,0.1657,0.1675,0.2989,0.2378,0.4633,0.5627,0.4767,0.8303,0.4210,0.1639,0.2123,0.2490,0.2351,0.5159,0.4988,0.4715,0.8212,0.0122,0.0042,-0.0101,-0.0082,-0.0538, 0.01 ,1,0.40,3,70,1,< 0.01 ,1,0.02,2,0.4,2,670,700,,,,64,79,0.959,0.502,790,7,60,125.90,48.40,0.30,,7.2,2.0,17,0.7,15,4.5,4.5,4.6,4.8,5.0,5.2,2.0,2.4,2.8,3.2,3.6,4.0,100.00,4.92,,41/33,0.997,0.997,0.998,0.999,0.999,0.999,0.999,0.999,0.999,0.999,0.999,0.999,0.999,0.999,0.999,0.999,0.998,0.998,0.998,0.998,0.998,0.998,0.993,0.992,0.989,0.975,0.960,0.940,0.900,0.840,0.750,0.610,0.390,0.160,0.050,0.000,0.000,0.000,0.995,0.993,0.996,0.997,0.997,0.998,0.997,0.997,0.998,0.997,0.999,0.999,0.999,0.999,0.998,0.998,0.997,0.997,0.997,0.997,0.997,0.995,0.986,0.985,0.978,0.951,0.930,0.890,0.810,0.710,0.570,0.370,0.150,0.020,0.000,0.000,0.000,0.000,(N-LASF41),(S-LAH55),A ,DN,187
,TAFD30        ,883-408,1.86060,1.86576,1.86948,1.87299,1.87657,1.87758,1.87853,1.88281,1.88300,1.88815,1.89821,1.89948,1.91044,1.92081,1.93893,40.80,40.56,0.021640,0.021897,3.4419038,,-1.4175245,-2,3.4351040,-2,1.1752271,-3,-3.9010343,-5,3.7417054,-6,0.4106,0.1623,0.1652,0.2972,0.2378,0.4651,0.5654,0.4790,0.8371,0.4058,0.1604,0.2095,0.2475,0.2350,0.5175,0.5008,0.4733,0.8273,0.0016,0.0011,-0.0105,-0.0093,-0.0640, 0.01 ,1,0.14,1,„45,1,< 0.01 ,1,< 0.01 ,1,0.3,1,690,740,664,675,,68,81,0.788,0.391,730,7,60,126.00,48.40,0.30,113,,,,,,5.0,5.0,5.1,5.3,5.5,5.7,2.5,2.9,3.3,3.6,4.0,4.4,1.20,5.42,,(38)/32,0.998,0.998,0.999,0.999,0.999,0.999,0.999,0.999,0.999,0.999,0.999,0.999,0.999,0.999,0.999,0.999,0.999,0.999,0.999,0.999,0.998,0.996,0.992,0.988,0.978,0.958,0.940,0.920,0.860,0.790,0.700,0.570,0.420,0.270,0.130,0.050,0.000,0.000,0.996,0.996,0.999,0.999,0.999,0.998,0.998,0.998,0.997,0.997,0.998,0.997,0.998,0.997,0.997,0.997,0.998,0.998,0.998,0.998,0.995,0.992,0.985,0.976,0.957,0.917,0.890,0.840,0.740,0.630,0.480,0.330,0.180,0.070,0.020,0.000,0.000,0.000,              ,S-LAH58,A ,RP,375
,ADC1          ,620-622,1.60903,1.61170,1.61355,1.61526,1.61698,1.61746,1.61791,1.61991,1.62000,1.62238,1.62694,1.62751,1.63238,1.63689,1.64460,62.19,61.88,0.009969,0.010058,2.5823900,,-7.8947925,-3,1.4967726,-2,1.4902926,-4,4.6409361,-6,2.1550228,-7,0.4536,0.1717,0.1718,0.3033,0.2385,0.4581,0.5450,0.4529,0.7735,0.4496,0.1702,0.2181,0.2529,0.2364,0.5107,0.4836,0.4489,0.7667,-0.0394,-0.0088,0.0117,0.0088,0.0355,,1,,4,  +,0,0.27,4,0.85,5,24.4,5,545,580,,,,109,122,,,350,4,550,60.20,23.10,0.30,,,,,,,-4.5,-4.8,-5.0,-5.1,-5.3,-5.2,-6.7,-6.6,-6.6,-6.5,-6.5,-6.3,1.06,3.88,B,37/33,0.000,0.000,0.000,0.000,0.000,0.000,0.000,0.000,0.000,0.000,0.000,0.000,0.000,0.000,0.000,0.000,0.999,0.999,0.999,0.999,0.998,0.995,0.993,0.992,0.987,0.984,0.978,0.965,0.938,0.880,0.750,0.490,0.190,0.070,0.000,0.000,0.000,0.000,0.000,0.000,0.000,0.000,0.000,0.000,0.000,0.000,0.000,0.000,0.000,0.000,0.000,0.000,0.000,0.000,0.999,0.999,0.999,0.999,0.996,0.990,0.986,0.983,0.975,0.968,0.956,0.932,0.880,0.770,0.560,0.240,0.040,0.010,0.000,0.000,0.000,0.000,              ,,C ,RP,83
,E-ADF10       ,613-444,1.59788,1.60170,1.60427,1.60661,1.60895,1.60961,1.61022,1.61298,1.61310,1.61639,1.62277,1.62358,1.63052,1.63711,1.64889,44.36,44.13,0.013821,0.013967,2.5528983,,-1.5709364,-2,1.5647688,-2,1.4461641,-3,-1.4458879,-4,9.5275733,-6,0.4623,0.1697,0.1694,0.3001,0.2378,0.4621,0.5604,0.4772,0.8518,0.4575,0.1679,0.2146,0.2499,0.2353,0.5148,0.4970,0.4722,0.8429,0.0482,0.0084,-0.0103,-0.0080,-0.0197, 0.22 ,3,2.84,6,  +,0,,5,,5,,5,495,540,,,,,60,,,445,4,130,,,,,,,,,,,,,,,,,,,,,,100.00,3.04,,38/34,0.981,0.977,0.962,0.996,0.997,0.998,0.998,0.998,0.997,0.998,0.998,0.999,0.998,0.998,0.999,0.999,0.998,0.998,0.998,0.998,0.997,0.996,0.995,0.992,0.987,0.977,0.966,0.945,0.900,0.820,0.610,0.310,0.060,0.000,0.000,0.000,0.000,0.000,0.963,0.954,0.926,0.992,0.995,0.995,0.995,0.996,0.995,0.995,0.997,0.998,0.997,0.997,0.997,0.997,0.997,0.997,0.997,0.996,0.994,0.992,0.989,0.984,0.975,0.954,0.932,0.893,0.820,0.670,0.380,0.090,0.000,0.000,0.000,0.000,0.000,0.000,,S-NBM51,C ,RP,111
,E-ADF50       ,654-396,1.63647,1.64074,1.64370,1.64645,1.64921,1.64998,1.65071,1.65397,1.65412,1.65804,1.66572,1.66669,1.67519,1.68338,1.69815,39.62,39.39,0.016510,0.016707,2.6680422,,-1.3184258,-2,2.3930479,-2,2.3928655,-4,5.0697941,-5,9.1240958,-7,0.4380,0.1662,0.1672,0.2977,0.2371,0.4652,0.5736,0.4962,0.8947,0.4328,0.1642,0.2116,0.2477,0.2343,0.5179,0.5086,0.4904,0.8841,0.0403,0.0084,-0.0056,-0.0033,0.0003, 0.07 ,2,2.39,6,  +,0,,5,,5,,5,505,545,,,,,61,,,460,5,160,,,,,,,,,,,,,,,,,,,,,,100.00,3.38,,40/35,0.986,0.984,0.976,0.996,0.997,0.997,0.998,0.997,0.996,0.996,0.996,0.996,0.996,0.997,0.997,0.997,0.997,0.997,0.997,0.998,0.996,0.994,0.990,0.984,0.975,0.953,0.930,0.890,0.800,0.620,0.300,0.060,0.000,0.000,0.000,0.000,0.000,0.000,0.972,0.967,0.953,0.993,0.995,0.994,0.995,0.994,0.993,0.992,0.993,0.992,0.993,0.993,0.993,0.993,0.994,0.995,0.995,0.995,0.992,0.987,0.980,0.969,0.950,0.909,0.870,0.790,0.630,0.380,0.090,0.000,0.000,0.000,0.000,0.000,0.000,0.000,,S-NBH 5,C ,RP,125
,LBC3N,606-637,1.59580,1.59832,1.60009,1.60172,1.60336,1.60382,1.60425,1.60617,1.60625,1.60852,1.61288,1.61342,1.61806,1.62235,1.62960,63.71,63.39,0.009516,0.009600,2.5388484,,-6.6855865,-3,1.5111456,-2,-1.5247241,-4,4.8340116,-5,-2.4061785,-6,0.4511,0.1717,0.1720,0.3036,0.2384,0.4580,0.5443,0.4509,0.7620,0.4472,0.1702,0.2183,0.2531,0.2364,0.5105,0.4830,0.4470,0.7553,-0.0487,-0.0105,0.0142,0.0108,0.0355, 0.01 ,1,0.54,3,> 45,1,0.19,3,0.30,3,4.4,2,530,560,491,503,609,124,142,0.443,0.464,300,3,580,52.20,20.00,0.30,45,8.8,9.7,15,8.4,10,-7.9,-8.1,-8.2,-8.2,-8.2,-8.1,-10.1,-9.9,-9.8,-9.6,-9.4,-9.2,0.43,3.84,,35/28,0.996,0.997,0.999,0.999,0.999,0.999,0.999,0.999,0.999,0.999,0.999,0.999,0.999,0.999,0.999,0.999,0.999,0.999,0.999,0.999,0.997,0.995,0.993,0.992,0.992,0.994,0.992,0.987,0.984,0.973,0.950,0.913,0.864,0.779,0.679,0.559,0.432,0.281,0.993,0.995,0.999,0.999,0.999,0.999,0.999,0.999,0.999,0.999,0.999,0.999,0.999,0.999,0.999,0.999,0.999,0.999,0.999,0.999,0.993,0.990,0.986,0.985,0.985,0.989,0.985,0.975,0.968,0.947,0.903,0.834,0.747,0.607,0.462,0.312,0.186,0.079,,,B ,RP,100
