"Sumita Optical Glass,Inc.",,,,,,,,,,,,,,,,,,,,,,,,,,,,,,,,,,,,,,,,,,,,,,,,,,,,,,,,,,,,,,,,,,,,,,,,,,,,,,,,,,,,,,,,,,,,,,,,,,,,,,,,,,,,,,,,,,,,,,,,,,,,,,,,,,,,,,,,,,
2005.04.28,,,,,,Refractive Indices,,,,,,,,,,,,,,Partial Dispersions and Relative Partial Dispersions,,,,,,,,,,,,,,,,,,,,,,,,Constants of Dispersion Formula,,,,,,Deviation of Relative Partial Dispersions,,,,,Knoop Hardness,Rank,Vickers Hardness,Abrasion,Young's Modulus,Modulus of Rigidity,Poisson Ratio,Transformation Point,Yielding Point,Thermal Expansion at Normal Temperture,Thermal Expansion,Water Resistance,Acid Resistance,Weather Resistance,Bubble,Color-Degree,,,Specific Gravity,Striae,Internal Transmittance  10mm,,,,,,,,,,,,,,,,,,,,,,,,,,,Internal Transmittance  25mm,,,,,,,,,,,,,,,,,,,,,,,,,,,,,,,,,,,,
GTYPE,GNAME,vd,ve,nF-nC,nF'-nC',nt,nA',nr,nC,nC',nD,nd,ne,nF,nF',ng,nG',nh,ni,nC-nt,nC-nA',nd-nC,ne-nC,Ct,CA',dC,eC,ng-nd,ng-nF,nh-ng,ni-ng,gd,gF,hg,ig,nC'-nt,ne-nC',nF'-ne,ni-nF',C't,eC',F'e,iF',A0,A1,A2,A3,A4,A5,DCt,DCAA,Dgd,DgF,Dig,HK,HKL,HV,Ha,E,G,PO,Tg,At,a-30~+70,a+100~+300,RW,RA,DW,B,C80,C70,C05,SG,S,T27010,T28010,T29010,T30010,T31010,T32010,T33010,T34010,T35010,T36010,T37010,T38010,T39010,T40010,T42010,T44010,T46010,T48010,T50010,T55010,T60010,T65010,T70010,T80010,T106010,T150010,T200010,T27025,T28025,T29025,T30025,T31025,T32025,T33025,T34025,T35025,T36025,T37025,T38025,T39025,T40025,T42025,T44025,T46025,T48025,T50025,T55025,T60025,T65025,T70025,T80025,T106025,T150025,T200025,Remarks,PG,solarization,Remarks2,Schott,Schoot's Gtype,OHARA,OHARA's Gtype,HOYA,HOYA's Gtype
434950,K-CaFK95,95,94.4,0.00457,0.00461,1.42898,1.43121,1.43203,1.43285,1.43308,1.43422,1.43425,1.43535,1.43742,1.43769,1.43986,1.43997,1.44187,1.44523,0.00387,0.00164,0.0014,0.0025,0.847,0.359,0.306,0.547,0.00561,0.00244,0.00201,0.00537,1.228,0.534,0.44,1.175,0.0041,0.00227,0.00234,0.00754,0.889,0.492,0.508,1.636,2.0390129,-0.0036337186,0.007096194,-0.00024252386,3.8875462E-05,-1.8511401E-06,-0.1427,-0.0301,0.055,0.0385,0.2215,331,3,348,500,718,279,0.287,431,450,129,167,2,4,1,BB,33,,28,3.54,,0.021,0.06,0.158,0.329,0.541,0.734,0.861,0.933,0.97,0.984,0.994,0.997,0.998,0.998,0.998,0.998,0.998,0.998,0.998,0.998,0.998,0.998,0.998,0.998,0.998,0.997,0.991,0,0,0,0.062,0.215,0.462,0.689,0.842,0.927,0.961,0.985,0.992,0.996,0.996,0.996,0.996,0.996,0.996,0.996,0.996,0.996,0.996,0.996,0.996,0.996,0.992,0.978,,Optical Glass for Precision Molding,,,,,S-FPL 53,439950,,
486852,K-PFK85,85.2,84.7,0.0057,0.00575,1.47924,1.48191,1.4829,1.48389,1.48417,1.48558,1.48563,1.48699,1.48959,1.48992,1.49266,0,1.49519,1.49945,0.00465,0.00198,0.00174,0.0031,0.816,0.347,0.305,0.544,0.00703,0.00307,0.00253,0.00679,1.233,0.539,0.444,1.191,0.00493,0.00282,0.00293,0.00953,0.857,0.49,0.51,1.657,2.1853008,-0.0047250328,0.0078421625,8.5834419E-05,-5.3779209E-07,6.6797559E-08,-0.1279,-0.0303,0.0412,0.0286,0.1615,338,3,327,470,691,264,0.306,452,484,129,163,1,1,1,BB,34,,29,3.97,,0,0.026,0.084,0.212,0.376,0.625,0.791,0.891,0.947,0.974,0.978,0.99,0.992,0.995,0.995,0.995,0.995,0.997,0.998,0.998,0.998,0.998,0.998,0.998,0.998,0.998,0.998,0,0,0,0.02,0.087,0.309,0.557,0.751,0.874,0.937,0.947,0.975,0.982,0.989,0.989,0.989,0.989,0.992,0.996,0.996,0.996,0.996,0.996,0.996,0.996,0.996,0.996,,Optical Glass for Precision Molding,,,,,,,,
497815,K-PFK80,81.5,80.9,0.0061,0.00616,1.49007,1.49299,1.49406,1.49514,1.49543,1.49694,1.497,1.49845,1.50124,1.50159,1.50452,0,1.50722,1.51178,0.00507,0.00215,0.00186,0.00331,0.831,0.352,0.305,0.543,0.00752,0.00328,0.0027,0.00726,1.233,0.538,0.443,1.19,0.00536,0.00302,0.00314,0.01019,0.87,0.49,0.51,1.654,2.2181634,-0.0057886349,0.0081751097,0.00016259171,-1.0026576E-05,5.6977013E-07,-0.0952,-0.0209,0.0332,0.0222,0.1316,354,4,312,450,796,309,0.287,461,483,134,154,1,3,1,B,34,,27,3.6,,0.057,0.14,0.28,0.463,0.647,0.796,0.89,0.941,0.968,0.981,0.988,0.991,0.994,0.994,0.995,0.995,0.997,0.997,0.998,0.998,0.998,0.998,0.998,0.998,0.998,0.998,0.998,0,0,0.041,0.146,0.337,0.566,0.748,0.861,0.923,0.954,0.971,0.978,0.985,0.985,0.989,0.989,0.992,0.992,0.996,0.996,0.996,0.996,0.996,0.996,0.996,0.996,0.996,,Optical Glass for Precision Molding,,,N-PK 52A,497816,S-FPL 51,497816,FCD 1,497816
569713,K-GFK70,71.3,70.9,0.00798,0.00805,1.56038,1.56395,1.5653,1.56666,1.56705,1.569,1.56907,1.57098,1.57464,1.5751,1.57899,0,1.58258,1.58864,0.00628,0.00271,0.00241,0.00432,0.787,0.34,0.302,0.541,0.00992,0.00435,0.00359,0.00965,1.243,0.545,0.45,1.209,0.00667,0.00393,0.00412,0.01354,0.829,0.488,0.512,1.682,2.4305666,-0.0063501751,0.010708199,0.00037642062,-2.605904E-05,1.1027285E-06,-0.0919,-0.022,0.0233,0.0145,0.0719,332,3,352,620,663,256,0.295,485,509,132,156,1,1,1,B,34,,28,4.46,,0,0.029,0.1,0.225,0.358,0.625,0.782,0.882,0.94,0.968,0.981,0.988,0.99,0.992,0.992,0.992,0.992,0.992,0.994,0.997,0.997,0.998,0.998,0.998,0.998,0.998,0.998,0,0,0,0.024,0.077,0.309,0.541,0.73,0.857,0.923,0.954,0.971,0.975,0.982,0.982,0.982,0.982,0.982,0.985,0.992,0.992,0.996,0.996,0.996,0.996,0.996,0.996,,Optical Glass for Precision Molding,,,,,,,,
592683,K-GFK68,68.3,68,0.00867,0.00874,1.58301,1.58684,1.5883,1.58978,1.5902,1.59232,1.5924,1.59446,1.59845,1.59894,1.60318,0,1.6071,1.61375,0.00677,0.00294,0.00262,0.00468,0.781,0.339,0.302,0.54,0.01078,0.00473,0.00392,0.01057,1.243,0.546,0.452,1.219,0.00719,0.00426,0.00448,0.01481,0.823,0.487,0.513,1.695,2.4998338,-0.006118952,0.012513487,0.00022374985,-5.4349382E-06,2.9740284E-07,-0.0841,-0.0191,0.0176,0.0105,0.0586,368,4,390,540,683,261,0.308,512,536,129,152,1,1,1,B,34,,28,4.51,,0,0.179,0.255,0.376,0.384,0.69,0.819,0.901,0.953,0.978,0.99,0.995,0.997,0.997,0.997,0.997,0.997,0.997,0.997,0.998,0.998,0.998,0.998,0.998,0.992,0.988,0.982,0,0.013,0.033,0.087,0.091,0.396,0.608,0.771,0.887,0.947,0.975,0.989,0.992,0.992,0.992,0.992,0.992,0.992,0.992,0.996,0.996,0.996,0.996,0.996,0.982,0.971,0.957,,Optical Glass for Precision Molding,,,,,,,,
487704,K-FK5,70.4,70.2,0.00692,0.00697,1.47913,1.48282,1.4841,1.48535,1.48569,1.48743,1.48749,1.48914,1.49227,1.49266,1.49593,0,1.49894,1.50401,0.00622,0.00253,0.00214,0.00379,0.899,0.366,0.309,0.548,0.00844,0.00366,0.00301,0.00808,1.22,0.529,0.435,1.168,0.00656,0.00345,0.00352,0.01135,0.941,0.495,0.505,1.628,2.1889681,-0.009646703,0.0088503901,0.00018716795,-1.0785912E-05,6.1564212E-07,0.024,0.005,-0.0019,-0.003,0.0235,531,5,582,110,605,244,0.241,465,545,88,98,4,5,2,,29,,26,2.45,,0.324,0.625,0.833,0.929,0.968,0.977,0.982,0.985,0.988,0.99,0.99,0.99,0.99,0.99,0.991,0.991,0.991,0.991,0.991,0.994,0.995,0.995,0.997,0.998,0.998,0.978,0.968,0.06,0.309,0.633,0.832,0.923,0.944,0.957,0.964,0.971,0.975,0.975,0.975,0.975,0.975,0.978,0.978,0.978,0.978,0.978,0.985,0.989,0.989,0.992,0.996,0.996,0.947,0.923,Schott Type,,,,N-FK 5,487704,S-FSL 5,487702,FC 5,487704
618634,K-PSKn2,63.4,63,0.00975,0.00984,1.60691,1.61163,1.61334,1.61503,1.6155,1.61791,1.618,1.62033,1.62478,1.62534,1.63007,0,1.63444,1.64186,0.00812,0.0034,0.00297,0.0053,0.833,0.349,0.305,0.544,0.01207,0.00529,0.00437,0.01179,1.238,0.543,0.448,1.209,0.00859,0.00483,0.00501,0.01652,0.873,0.491,0.509,1.679,2.5811516,-0.011534491,0.012703918,0.00058195394,-4.4244275E-05,2.1000343E-06,-0.0091,-0.0037,0.0023,0.0001,0.0104,407,4,429,270,769,298,0.289,624,655,79,99,1,5,1,,38,,32,3.63,,0,0,0,0,0.027,0.1,0.232,0.431,0.619,0.772,0.869,0.923,0.957,0.971,0.985,0.988,0.99,0.99,0.991,0.994,0.995,0.997,0.997,0.998,0.998,0.998,0.982,0,0,0,0,0,0.003,0.026,0.122,0.301,0.525,0.705,0.82,0.896,0.93,0.964,0.971,0.975,0.975,0.978,0.985,0.989,0.992,0.992,0.996,0.996,0.996,0.957,Schott Type,,,,N-PSK 53,620635,S-PHM 52,618634,PCD 4,618634
516641,K-BK7,64.1,63.8,0.00806,0.00812,1.50686,1.51097,1.51242,1.51385,1.51425,1.51626,1.51633,1.51825,1.52191,1.52237,1.52622,0,1.52978,1.53584,0.00699,0.00288,0.00248,0.0044,0.867,0.357,0.308,0.546,0.00989,0.00431,0.00356,0.00962,1.227,0.535,0.442,1.194,0.00739,0.004,0.00412,0.01347,0.91,0.493,0.507,1.659,2.2704549,-0.0099748327,0.010468377,0.0002797425,-2.1706023E-05,1.4265697E-06,0.0222,0.0041,-0.0073,-0.0067,-0.0001,589,6,587,100,799,330,0.209,572,630,63,85,2,1,1,,34,,29,2.52,,0,0,0.024,0.158,0.414,0.65,0.806,0.894,0.94,0.964,0.971,0.974,0.982,0.988,0.988,0.988,0.99,0.99,0.992,0.995,0.997,0.997,0.998,0.998,0.998,0.991,0.929,0,0,0,0,0.11,0.341,0.583,0.756,0.857,0.913,0.93,0.937,0.957,0.971,0.971,0.971,0.975,0.975,0.982,0.989,0.992,0.992,0.996,0.996,0.996,0.978,0.832,Schott Type,,,,N-BK 7,517642,S-BSL 7,516641,BSC 7,517642
613586,K-SK4,58.6,58.3,0.01046,0.01055,1.60107,1.60592,1.60773,1.60954,1.61005,1.61263,1.61272,1.61521,1.62,1.6206,1.6257,0,1.63044,1.63849,0.00847,0.00362,0.00318,0.00567,0.81,0.346,0.304,0.542,0.01298,0.0057,0.00474,0.01279,1.241,0.545,0.453,1.223,0.00898,0.00516,0.00539,0.01789,0.851,0.489,0.511,1.696,2.5564282,-0.0086472663,0.016443872,-0.00016346553,5.5351445E-05,-2.596736E-06,-0.0097,-0.0008,-0.0043,-0.0047,-0.0134,570,6,533,140,811,320,0.268,660,708,61,76,1,4,2,,34,,29,3.58,,0,0.022,0.122,0.329,0.54,0.708,0.829,0.901,0.943,0.965,0.978,0.985,0.988,0.991,0.991,0.991,0.995,0.995,0.997,0.997,0.998,0.998,0.998,0.998,0.998,0.998,0.971,0,0,0,0.062,0.214,0.423,0.625,0.771,0.864,0.916,0.947,0.964,0.971,0.978,0.978,0.978,0.989,0.989,0.992,0.992,0.996,0.996,0.996,0.996,0.996,0.996,0.93,Schott Type,,,,N-SK 4,613586,S-BSM 4,613587,BACD 4,613586
589612,K-SK5,61.2,61,0.00962,0.00969,1.57814,1.58281,1.58451,1.58619,1.58666,1.58905,1.58913,1.59143,1.59581,1.59635,1.601,0,1.6053,1.61264,0.00805,0.00338,0.00294,0.00524,0.837,0.351,0.306,0.545,0.01187,0.00519,0.0043,0.01164,1.234,0.54,0.447,1.21,0.00852,0.00477,0.00492,0.01629,0.879,0.492,0.508,1.681,2.4873879,-0.010162672,0.013795821,0.00018007148,-2.1305493E-06,5.629257E-07,0.0049,0.0014,-0.006,-0.0061,-0.0055,661,7,698,110,841,336,0.252,667,700,54,67,2,4,1,,34,,29,3.32,,0,0.058,0.12,0.284,0.498,0.678,0.806,0.889,0.937,0.963,0.978,0.987,0.992,0.992,0.993,0.993,0.993,0.993,0.995,0.995,0.995,0.995,0.997,0.998,0.998,0.998,0.979,0,0,0.004,0.043,0.175,0.378,0.584,0.747,0.85,0.912,0.947,0.968,0.98,0.98,0.984,0.984,0.984,0.984,0.989,0.989,0.989,0.989,0.994,0.996,0.996,0.995,0.949,Schott Type,,,,N-SK 5,589613,S-BAL 35,589612,BACD 5,589613
607595,K-SK7,59.5,59.3,0.01021,0.01029,1.59581,1.60062,1.60241,1.60418,1.60468,1.6072,1.60729,1.60973,1.61439,1.61497,1.61994,0,1.62454,1.63236,0.00837,0.00356,0.00311,0.00555,0.82,0.349,0.305,0.544,0.01265,0.00555,0.0046,0.01242,1.239,0.544,0.451,1.216,0.00887,0.00505,0.00524,0.01739,0.862,0.491,0.509,1.69,2.5409007,-0.0092687497,0.0157149,-8.8800332E-05,4.3287422E-05,-1.9899345E-06,-0.0039,0.0007,-0.0045,-0.0047,-0.0127,563,6,555,130,847,335,0.263,656,701,,71,1,5,2,,35,,30,3.47,,0,0,0.013,0.138,0.371,0.582,0.753,0.846,0.915,0.943,0.964,0.974,0.977,0.981,0.982,0.982,0.985,0.985,0.988,0.991,0.992,0.992,0.995,0.998,0.985,0.978,0.954,0,0,0,0,0.084,0.258,0.492,0.659,0.801,0.864,0.913,0.937,0.944,0.954,0.957,0.957,0.964,0.964,0.971,0.978,0.982,0.982,0.989,0.996,0.964,0.947,0.89,Schott Type,,,,,,,,,
603607,K-SK14,60.7,60.4,0.00994,0.01002,1.59181,1.5966,1.59835,1.60008,1.60056,1.60302,1.60311,1.60548,1.61002,1.61058,1.6154,0,1.61986,1.62742,0.00827,0.00348,0.00303,0.0054,0.832,0.35,0.305,0.543,0.01229,0.00538,0.00446,0.01202,1.236,0.541,0.449,1.209,0.00875,0.00492,0.0051,0.01684,0.873,0.491,0.509,1.681,2.5308132,-0.01061267,0.014144456,0.00020737292,4.8161489E-06,-2.4653755E-07,0.0027,0.0008,-0.0046,-0.0052,-0.0106,539,5,573,130,857,340,0.26,646,684,57,73,2,4,2,,35,,29,3.44,,0,0.063,0.128,0.303,0.511,0.693,0.8,0.887,0.933,0.963,0.977,0.986,0.99,0.992,0.995,0.995,0.995,0.995,0.997,0.997,0.997,0.998,0.998,0.998,0.998,0.995,0.977,0,0.001,0.005,0.05,0.187,0.4,0.574,0.742,0.841,0.91,0.943,0.967,0.976,0.981,0.988,0.988,0.988,0.988,0.992,0.993,0.994,0.996,0.996,0.996,0.996,0.988,0.945,Schott Type,,,,N-SK 14,603606,S-BSM 14,603607,BACD 14,603607
623581,K-SK15,58.1,57.9,0.01072,0.0108,1.61108,1.61604,1.61789,1.61973,1.62026,1.62289,1.62299,1.62554,1.63045,1.63106,1.63628,0,1.64112,1.64942,0.00865,0.00369,0.00326,0.00581,0.807,0.344,0.304,0.542,0.01329,0.00583,0.00484,0.01314,1.24,0.544,0.451,1.226,0.00918,0.00528,0.00552,0.01836,0.85,0.489,0.511,1.7,2.5911207,-0.010159791,0.014870186,0.00050389129,-4.1552509E-05,2.645135E-06,-0.0104,-0.0022,-0.0064,-0.0064,-0.014,473,5,529,160,819,327,0.254,649,688,68,80,2,4,1,,35,,30,3.67,,0,0,0.022,0.138,0.35,0.559,0.733,0.839,0.905,0.946,0.967,0.978,0.985,0.988,0.991,0.992,0.995,0.995,0.997,0.997,0.998,0.998,0.998,0.998,0.998,0.995,0.971,0,0,0,0,0.072,0.234,0.46,0.646,0.78,0.87,0.92,0.947,0.964,0.971,0.978,0.982,0.989,0.989,0.992,0.992,0.996,0.996,0.996,0.996,0.996,0.989,0.93,Schott Type,,,,N-SK 15,623580,S-BSM 15,623582,BACD 15,623581
620603,K-SK16,60.3,60.1,0.01029,0.01037,1.60874,1.61367,1.61548,1.61727,1.61777,1.62032,1.62041,1.62286,1.62756,1.62814,1.63313,0,1.63774,1.64557,0.00853,0.0036,0.00314,0.00559,0.829,0.35,0.305,0.543,0.01272,0.00557,0.00461,0.01244,1.236,0.541,0.448,1.209,0.00903,0.00509,0.00528,0.01743,0.871,0.491,0.509,1.681,2.5843629,-0.010743741,0.014943604,0.00020007994,4.5624595E-06,-1.2296939E-07,0.0015,0.001,-0.0057,-0.0057,-0.0139,490,5,498,150,881,348,0.267,653,688,62,83,3,5,2,,35,,29,3.6,,0,0,0.032,0.183,0.425,0.615,0.772,0.854,0.915,0.946,0.963,0.975,0.981,0.985,0.985,0.988,0.988,0.99,0.991,0.991,0.995,0.995,0.997,0.998,0.998,0.998,0.974,0,0,0,0.014,0.118,0.297,0.525,0.675,0.801,0.87,0.91,0.94,0.954,0.964,0.964,0.971,0.971,0.975,0.978,0.978,0.989,0.989,0.992,0.996,0.996,0.996,0.937,Schott Type,,,,N-SK 16,620603,S-BSM 16,620603,BACD 16,620603
639555,K-SK18,55.5,55.2,0.01151,0.01161,1.62584,1.63112,1.63309,1.63506,1.63562,1.63844,1.63854,1.64128,1.64657,1.64723,1.65289,0,1.65818,1.66731,0.00922,0.00394,0.00348,0.00622,0.801,0.342,0.302,0.54,0.01435,0.00632,0.00529,0.01442,1.247,0.549,0.46,1.253,0.00978,0.00566,0.00595,0.02008,0.842,0.488,0.512,1.73,2.638421,-0.01082757,0.016058787,0.00050122569,-3.0687755E-05,2.2546387E-06,-0.004,-0.001,-0.0047,-0.0051,-0.0073,574,6,566,160,860,338,0.272,647,688,68,81,3,5,2,,38,,33,3.69,,0,0,0,0,0,0,0.05,0.126,0.425,0.669,0.826,0.907,0.95,0.971,0.988,0.99,0.991,0.994,0.994,0.995,0.995,0.997,0.998,0.998,0.997,0.992,0.971,0,0,0,0,0,0,0,0,0.118,0.366,0.62,0.783,0.88,0.93,0.971,0.975,0.978,0.985,0.985,0.989,0.989,0.992,0.996,0.996,0.992,0.982,0.93,Schott Type,,,,,,S-BSM 18,639554,BACD 18,639555
620603,K-SK16RH,60.3,60.1,0.01029,0.01037,1.60862,1.61364,1.61546,1.61726,1.61777,1.62032,1.62041,1.62286,1.62755,1.62814,1.63312,0,1.63772,1.64557,0.00864,0.00362,0.00315,0.0056,0.84,0.352,0.306,0.544,0.01271,0.00557,0.0046,0.01245,1.235,0.541,0.447,1.21,0.00915,0.00509,0.00528,0.01743,0.882,0.491,0.509,1.681,2.584811,-0.011486919,0.014859018,0.00021677739,-2.4466918E-07,3.1088303E-07,0.0122,0.0029,-0.0066,-0.0057,-0.0129,624,6,623,130,888,351,0.266,653,695,60,72,2,5,1,,35,,29,3.5,,0,0.01,0.086,0.251,0.447,0.625,0.772,0.86,0.915,0.957,0.978,0.985,0.997,0.997,0.997,0.997,0.998,0.998,0.998,0.998,0.998,0.998,0.998,0.998,0.992,0.978,0.953,0,0,0,0.031,0.134,0.309,0.525,0.686,0.801,0.896,0.947,0.964,0.992,0.992,0.992,0.992,0.996,0.996,0.996,0.996,0.996,0.996,0.996,0.996,0.982,0.947,0.887,Schott Type,,,,,,,,,
639555,K-SK18RH,55.5,55.2,0.01151,0.01162,1.62588,1.63111,1.63309,1.63506,1.63561,1.63844,1.63854,1.64128,1.64657,1.64723,1.65289,0,1.65818,1.66715,0.00918,0.00395,0.00348,0.00622,0.798,0.343,0.302,0.54,0.01435,0.00632,0.00529,0.01426,1.247,0.549,0.46,1.239,0.00973,0.00567,0.00595,0.01992,0.837,0.488,0.512,1.714,2.635362,-0.0091813172,0.018172495,-0.00018639212,7.4877018E-05,-3.8761228E-06,-0.0074,-0.0001,-0.0047,-0.0051,-0.0212,580,6,546,130,915,357,0.281,656,707,67,84,1,3,1,,36,,30,3.35,,0,0,0,0.076,0.255,0.447,0.637,0.786,0.873,0.932,0.96,0.971,0.981,0.985,0.988,0.988,0.99,0.992,0.995,0.995,0.995,0.997,0.997,0.998,0.995,0.995,0.974,0,0,0,0,0.033,0.134,0.324,0.547,0.714,0.838,0.903,0.93,0.954,0.964,0.971,0.971,0.975,0.982,0.989,0.989,0.989,0.992,0.992,0.996,0.989,0.989,0.937,Schott Type,,,,,, ,,,
559539,K-BPG2,53.9,53.6,0.01038,0.01047,1.54777,1.55251,1.55429,1.55606,1.55656,1.5591,1.5592,1.56166,1.56644,1.56703,1.57215,0,1.57696,1.58525,0.00829,0.00355,0.00314,0.0056,0.799,0.342,0.303,0.539,0.01295,0.00571,0.00481,0.0131,1.248,0.55,0.463,1.262,0.00879,0.0051,0.00537,0.01822,0.84,0.487,0.513,1.74,2.3902603,-0.0087371459,0.014541638,0.00016879648,1.3006747E-05,-7.1838473E-08,0.0011,0.0005,-0.007,-0.0065,-0.0106,573,6,562,90,799,323,0.238,589,651,60,74,1,1,1,,37,,33,2.72,,0,0,0,0,0,0,0.013,0.223,0.54,0.762,0.873,0.929,0.957,0.971,0.98,0.982,0.985,0.988,0.988,0.991,0.992,0.992,0.995,0.995,0.998,0.998,0.982,0,0,0,0,0,0,0,0.023,0.214,0.507,0.714,0.832,0.896,0.93,0.95,0.957,0.964,0.971,0.971,0.978,0.982,0.982,0.989,0.989,0.996,0.996,0.957,,,,,,,,,,
617540,K-SSK1,54,53.8,0.01142,0.01152,1.60465,1.60985,1.6118,1.61375,1.6143,1.6171,1.6172,1.61992,1.62517,1.62582,1.63143,0,1.63665,1.64561,0.0091,0.0039,0.00345,0.00617,0.796847635726806,0.3415061295972,0.302101576182133,0.54028021015762,0.01423,0.00626,0.00522,0.01418,1.24605954465849,0.548161120840625,0.457092819614712,1.24168126094572,0.00965,0.00562,0.0059,0.01979,0.837673611111127,0.48784722222222,0.51215277777778,1.71788194444445,2.570233589225,-0.0105215336116,0.01536892579067,0.000608918281273,-4.417449767335E-05,2.591709037089E-06,-0.0013,-0.0001,-0.0083,-0.0082,-0.0299,561,6,570,175,820,328,0.25,577,624,70,84,1,1,1,,35,,30,3.46,,0,0,0.014,0.072,0.314,0.595,0.775,0.879,0.933,0.958,0.972,0.982,0.99,0.99,0.99,0.995,0.995,0.997,0.997,0.998,0.998,0.997,0.998,0.998,0.998,0.998,0.982,0,0,0,0.001,0.055,0.273,0.53,0.724,0.841,0.899,0.933,0.955,0.976,0.976,0.976,0.988,0.988,0.993,0.993,0.996,0.996,0.992,0.995,0.996,0.996,0.996,0.955,Schott Type,,,,,,,,,
620498,K-SSK9,49.8,49.5,0.01245,0.01258,1.60676,1.61221,1.61429,1.61639,1.61698,1.62001,1.62012,1.62308,1.62884,1.62956,1.63581,0,1.64172,1.65206,0.00963,0.00418,0.00373,0.00669,0.773,0.336,0.3,0.537,0.01569,0.00697,0.00591,0.01625,1.26,0.56,0.475,1.305,0.01022,0.0061,0.00648,0.0225,0.812,0.485,0.515,1.789,2.5732241,-0.0090800144,0.018042766,0.00023686473,1.7598292E-05,3.417291E-07,-0.0051,-0.001,-0.0025,-0.0028,0.0011,578,6,620,180,818,330,0.24,579,626,83,98,2,3,2,,38,,34,3.29,,0,0,0,0,0,0,0,0.042,0.329,0.65,0.833,0.908,0.943,0.965,0.981,0.985,0.988,0.99,0.991,0.994,0.995,0.997,0.998,0.998,0.998,0.998,0.981,0,0,0,0,0,0,0,0,0.062,0.341,0.633,0.786,0.864,0.916,0.954,0.964,0.971,0.975,0.978,0.985,0.989,0.992,0.996,0.996,0.996,0.996,0.954,Schott Type,,,,,,S-BSM 28,618498,,
624471,K-BaF8,47.1,46.8,0.01325,0.01339,1.60934,1.61528,1.61752,1.61976,1.62039,1.62362,1.62374,1.62688,1.63301,1.63378,1.64049,0,1.64688,1.65819,0.01042,0.00448,0.00398,0.00712,0.786,0.338,0.3,0.537,0.01675,0.00748,0.00639,0.0177,1.264,0.565,0.482,1.336,0.01105,0.00649,0.0069,0.02441,0.825,0.485,0.515,1.823,2.5812079,-0.01046647,0.020144839,-0.00014331954,7.9149799E-05,-2.1453499E-06,0.0205,0.0045,-0.004,-0.0021,0.0107,604,6,643,140,955,384,0.244,504,540,67,98,1,3,1,,38,,34,3.02,,0,0,0,0,0,0,0,0.039,0.292,0.591,0.774,0.873,0.924,0.952,0.973,0.982,0.985,0.989,0.994,0.996,0.996,0.997,0.997,0.997,0.998,0.996,0.977,0,0,0,0,0,0,0,0,0.046,0.269,0.527,0.712,0.821,0.885,0.935,0.957,0.963,0.974,0.986,0.99,0.991,0.992,0.993,0.993,0.996,0.991,0.945,Schott Type,,,,,,,,E-BAF 8,624471
643478,K-BaF9,47.8,47.4,0.01347,0.01363,1.62882,1.63476,1.637,1.63926,1.63989,1.64316,1.64328,1.64648,1.65273,1.65352,1.66034,0,1.66681,1.67824,0.01044,0.0045,0.00402,0.00722,0.775,0.334,0.298,0.536,0.01706,0.00761,0.00647,0.0179,1.267,0.565,0.48,1.329,0.01107,0.00659,0.00704,0.02472,0.812,0.483,0.517,1.814,2.6480895,-0.012257212,0.017205591,0.00093629926,-6.1880397E-05,4.5111486E-06,0.0059,-0.0004,-0.0002,-0.0007,0.0092,586,6,624,150,877,349,0.258,618,661,66,82,1,2,1,,40,,35,3.44,,0,0,0,0,0,0,0,0,0.114,0.383,0.63,0.79,0.879,0.928,0.965,0.978,0.983,0.988,0.991,0.996,0.996,0.995,0.997,0.998,0.998,0.998,0.98,0,0,0,0,0,0,0,0,0,0.091,0.315,0.554,0.725,0.83,0.915,0.947,0.959,0.971,0.978,0.991,0.99,0.988,0.993,0.996,0.996,0.996,0.951,Schott Type,,,,,,,,,
683445,K-BaFn1,44.5,44.2,0.01535,0.01554,1.66628,1.67287,1.67539,1.67794,1.67866,1.68237,1.6825,1.68615,1.69329,1.6942,1.70203,0,1.7095,1.72285,0.01166,0.00507,0.00456,0.00821,0.759609120521174,0.330293159609115,0.297068403908803,0.534853420195444,0.01953,0.00874,0.00747,0.02082,1.27231270358305,0.569381107491856,0.486644951140072,1.35635179153095,0.01238,0.00749,0.00805,0.02865,0.796653796653806,0.481981981981985,0.518018018018015,1.84362934362936,2.770462200887,-0.01343181732669,0.01911276949053,0.001429283045406,-0.000122301278592,8.597417756245E-06,0.0058,-0.0003,-0.001,-0.0011,0.011,552,6,584,168,901,358,0.259,601,645,73,84,1,4,1,,40,,35,3.62,,0,0,0,0,0,0,0.004,0.003,0.094,0.362,0.617,0.772,0.863,0.912,0.957,0.971,0.977,0.985,0.99,0.995,0.996,0.996,0.998,0.997,0.998,0.997,0.979,0,0,0,0,0,0,0,0,0.002,0.079,0.3,0.524,0.692,0.795,0.896,0.93,0.945,0.964,0.975,0.989,0.99,0.99,0.995,0.993,0.996,0.993,0.949,Schott Type,,,,,,,,,
664492,K-BaFn3,49.2,48.9,0.0135,0.01365,1.64968,1.65562,1.65789,1.66017,1.66081,1.6641,1.66422,1.66743,1.67367,1.67446,1.68122,0,1.6876,1.69874,0.01049,0.00454,0.00405,0.00726,0.777,0.336,0.3,0.538,0.017,0.00755,0.00638,0.01752,1.259,0.559,0.473,1.298,0.01113,0.00662,0.00703,0.02428,0.815,0.485,0.515,1.779,2.7131947,-0.010814545,0.019484148,0.00044430542,-4.0766272E-06,1.3929644E-06,0.0013,0.0002,-0.004665535625199,-0.004268874266674,-0.011054232604455,554,6,584,174,911,358,0.271,616,657,70,85,1,4,1,,39,,34,3.62,,0,0,0,0,0,0,0.001,0.07,0.338,0.615,0.788,0.88,0.93,0.956,0.974,0.981,0.986,0.99,0.993,0.995,0.996,0.998,0.998,0.998,0.998,0.997,0.975,0,0,0,0,0,0,0,0.001,0.066,0.297,0.551,0.728,0.834,0.893,0.937,0.953,0.966,0.976,0.983,0.989,0.991,0.994,0.996,0.996,0.996,0.992,0.94,Schott Type,,,,,,,,,
651383,K-BaSF4,38.3,38.1,0.01699,0.01722,1.63373,1.64079,1.64351,1.64628,1.64706,1.65113,1.65128,1.65531,1.66327,1.66428,1.6731,0,1.68161,1.69717,0.01255,0.00549,0.005,0.00903,0.739,0.323,0.294,0.531,0.02182,0.00983,0.00851,0.02407,1.284,0.579,0.501,1.417,0.01333,0.00825,0.00897,0.03289,0.774,0.479,0.521,1.91,2.6658188,-0.015222706,0.017138042,0.0026165294,-0.00027592859,1.8035723E-05,0.0138,-0.0004,-0.0014,-0.0012,0.0234,586,6,590,154,887,362,0.223,513,553,71,92,1,1,1,,39,,35,2.96,,0,0,0,0,0,0,0,0.001,0.103,0.464,0.738,0.86,0.919,0.948,0.971,0.981,0.985,0.989,0.992,0.998,0.998,0.998,0.998,0.998,0.998,0.998,0.983,0,0,0,0,0,0,0,0,0.003,0.146,0.468,0.687,0.81,0.876,0.931,0.953,0.964,0.974,0.981,0.995,0.995,0.996,0.997,0.997,0.997,0.997,0.96,Schott Type,,,,,,,,,
603425,K-BaSF5,42.5,42.2,0.01419,0.01436,1.58821,1.59438,1.59669,1.59903,1.59969,1.60311,1.60323,1.6066,1.61322,1.61405,1.62132,0,1.62828,1.64091,0.01082,0.00465,0.0042,0.00757,0.763,0.328,0.296,0.533,0.01809,0.0081,0.00696,0.01959,1.275,0.571,0.49,1.381,0.01148,0.00691,0.00745,0.02686,0.799,0.481,0.519,1.87,2.5235905,-0.015206973,0.012705313,0.0024702739,-0.00027556612,1.6706371E-05,0.0181,-0.0006,-0.0024,-0.0027,0.0197,578,6,609,160,838,343,0.222,495,531,79,102,2,3,1,,38,,35,2.71,,0,0,0,0,0,0,0,0.002,0.119,0.486,0.752,0.871,0.926,0.953,0.975,0.985,0.989,0.992,0.995,0.997,0.998,0.998,0.998,0.998,0.998,0.995,0.971,0,0,0,0,0,0,0,0,0.004,0.165,0.49,0.709,0.825,0.888,0.94,0.964,0.973,0.981,0.987,0.993,0.995,0.996,0.998,0.998,0.998,0.987,0.93,Schott Type,,,,,,,,,
670392,K-BaSF12,39.2,38.9,0.01709,0.01731,1.6522,1.65935,1.66212,1.66493,1.66572,1.66983,1.66998,1.67403,1.68202,1.68303,1.69187,0,1.70038,1.71569,0.01273,0.00558,0.00505,0.0091,0.744880046811006,0.326506729081328,0.29549444119368,0.532475131655931,0.02189,0.00985,0.00851,0.02382,1.28086600351082,0.576360444704499,0.4979520187244,1.39379754242246,0.01352,0.00831,0.009,0.03266,0.781051415366854,0.480069324090113,0.519930675909887,1.88677065280185,2.720132502724,-0.01275534486602,0.02235917041267,0.001106035065995,-5.601948452938E-05,5.899855799602E-06,0.0158,0.002,-0.003,-0.002,0.0074,581,6,599,171,910,371,0.227,519,571,74,95,1,1,1,,39,,33,3.19,,0,0,0,0,0,0,0.055,0.309,0.567,0.726,0.821,0.881,0.923,0.947,0.971,0.979,0.984,0.987,0.992,0.997,0.997,0.998,0.998,0.997,0.998,0.997,0.985,0,0,0,0,0,0,0,0.053,0.242,0.45,0.611,0.73,0.819,0.873,0.929,0.949,0.962,0.97,0.981,0.994,0.994,0.996,0.996,0.994,0.996,0.993,0.963,Schott Type,,,,,,S-BAH 32,670393,,
717295,K-SFLD1,29.5,29.3,0.02432,0.0247,1.69341,1.7027,1.70645,1.71031,1.71141,1.71715,1.71736,1.7231,1.73463,1.73611,1.74928,0,1.76237,0,0.0169,0.00761,0.00705,0.01279,0.695,0.313,0.29,0.526,0.03192,0.01465,0.01309,0,1.3125,0.602,0.538,0,0.018,0.01169,0.01301,0,0.729,0.473,0.527,0,2.8484012,-0.012662418,0.031403623,0.0019086302,-0.00011873783,1.7038171E-05,0.0111,-0.0004,0.0093,0.0096,0,597,6,636,177,881,360,0.225,618,653,82,97,1,1,1,,42,,36,3.03,,0,0,0,0,0,0,0,0,0,0.02,0.233,0.549,0.744,0.844,0.928,0.959,0.971,0.981,0.985,0.993,0.996,0.995,0.996,0.997,0.998,0.998,0.976,0,0,0,0,0,0,0,0,0,0,0.026,0.224,0.478,0.655,0.831,0.901,0.93,0.954,0.963,0.984,0.991,0.988,0.991,0.993,0.996,0.996,0.941,,,,,N-SF 1,717296,S-TIH 1,717295,E-FD 1,717295
648339,K-SFLD2,33.9,33.6,0.01912,0.01941,1.62839,1.63601,1.63902,1.6421,1.64297,1.64752,1.64769,1.65221,1.66122,1.66238,1.67253,0,1.68246,0,0.01371,0.00609,0.00559,0.01011,0.717,0.319,0.292,0.529,0.02484,0.01131,0.00993,0,1.299,0.592,0.519,0,0.01458,0.00924,0.01017,0,0.751,0.476,0.524,0,2.6390073,-0.011704695,0.024198189,0.00125366,-5.1544035E-05,7.7549405E-06,0.0128,0.0001,0.0047,0.0052,0,547,5,599,173,806,331,0.219,591,626,87,102,1,1,1,,40,,36,2.78,,0,0,0,0,0,0,0,0,0,0.084,0.403,0.688,0.836,0.91,0.96,0.975,0.982,0.986,0.99,0.996,0.995,0.994,0.996,0.998,0.998,0.997,0.968,0,0,0,0,0,0,0,0,0,0,0.103,0.393,0.639,0.79,0.905,0.939,0.956,0.965,0.975,0.99,0.989,0.987,0.991,0.996,0.996,0.993,0.923,,,,,SF 2,648338,S-TIH 22,648338,E-FD 2,648338
755275,K-SFLD4,27.5,27.3,0.02745,0.02792,1.7286,1.7388,1.74298,1.7473,1.74853,1.75496,1.7552,1.76167,1.77475,1.77645,1.79156,0,1.80668,0,0.0187,0.0085,0.0079,0.01437,0.681238615664852,0.3096539162113,0.287795992714026,0.523497267759563,0.03636,0.01681,0.01512,0,1.32459016393443,0.612386156648452,0.550819672131149,0,0.01993,0.01314,0.01478,0,0.713825214899709,0.470630372492839,0.529369627507161,0,2.958494653124,-0.01023021332858,0.04057399321289,0.000498402384608,0.000155974385996,3.863243056623E-06,0.0068,-0.0013,0.0174,0.0166,0,594,6,606,188,883,356,0.238,613,653,86,91,1,1,1,,44,,37,3.19,,0,0,0,0,0,0,0,0,0,0.001,0.068,0.318,0.579,0.751,0.904,0.95,0.966,0.977,0.985,0.994,0.993,0.992,0.995,0.994,0.998,0.998,0.987,0,0,0,0,0,0,0,0,0,0,0.001,0.057,0.255,0.489,0.777,0.881,0.919,0.943,0.963,0.985,0.984,0.982,0.988,0.987,0.996,0.996,0.969,,,,,N-SF 4,755274,S-TIH 4,755275,E-FD 4,755275
673322,K-SFLD5,32.2,31.9,0.02089,0.02121,1.65175,1.65998,1.66326,1.66661,1.66756,1.67251,1.6727,1.67763,1.6875,1.68877,1.69998,0,1.71101,0,0.01486,0.00663,0.00609,0.01102,0.711,0.317,0.292,0.528,0.02728,0.01248,0.01103,0,1.306,0.597,0.528,0,0.01581,0.01007,0.01114,0,0.745,0.475,0.525,0,2.7102301,-0.010851642,0.029534854,0.00041107114,9.7348452E-05,8.8402787E-07,0.0149,0.0009,0.0081,0.0086,0,489,5,515,195,824,334,0.232,528,557,92,116,2,1,1,,41,,36,2.85,,0,0,0,0,0,0,0,0,0.003,0.13,0.47,0.709,0.822,0.881,0.931,0.952,0.963,0.971,0.979,0.988,0.988,0.988,0.99,0.996,0.997,0.997,0.981,0,0,0,0,0,0,0,0,0,0.006,0.152,0.424,0.613,0.728,0.836,0.885,0.909,0.93,0.948,0.972,0.972,0.976,0.976,0.989,0.993,0.992,0.953,,,,,N-SF 5,673323,S-TIM 25,673321,E-FD5,673322
805254,K-SFLD6,25.4,25.2,0.03171,0.03225,1.77489,1.78642,1.79117,1.7961,1.79751,1.80491,1.80518,1.81266,1.82781,1.82976,1.8473,0,1.86491,0,0.02121,0.00968,0.00908,0.01656,0.669,0.305,0.286,0.522,0.04212,0.01949,0.01761,0,1.328,0.615,0.555,0,0.02262,0.01515,0.0171,0,0.701,0.47,0.53,0,3.1243727,-0.015193345,0.039497962,0.0034481457,-0.00024093048,2.952381E-05,0.0043,-0.0033,0.0169,0.0157,0,479,5,505,175,943,373,0.263,609,633,93,107,1,1,1,,45,,37,3.4,,0,0,0,0,0,0,0,0,0,0,0.138,0.482,0.694,0.795,0.884,0.923,0.943,0.957,0.965,0.982,0.985,0.988,0.991,0.995,0.995,0.994,0.974,0,0,0,0,0,0,0,0,0,0,0,0.161,0.402,0.564,0.736,0.82,0.864,0.896,0.916,0.957,0.964,0.971,0.978,0.99,0.99,0.988,0.937,,,,,N-SF 6,805254,S-TIH 6,805254,FD 60,805255
689311,K-SFLD8,31.1,30.9,0.02214,0.02248,1.66695,1.67552,1.67896,1.68249,1.6835,1.68874,1.68893,1.69416,1.70463,1.70598,1.71788,0,1.72964,0,0.01554,0.00697,0.00644,0.01167,0.702,0.315,0.291,0.527,0.02895,0.01325,0.01176,0,1.308,0.598,0.531,0,0.01655,0.01066,0.01182,0,0.736,0.474,0.526,0,2.7614622,-0.011789746,0.028820245,0.0014838231,-6.8958097E-05,1.1850809E-05,0.0107,-0.0003,0.0076,0.008,0,529,5,599,158,853,349,0.222,618,653,80,97,1,1,1,,40,,36,2.94,,0,0,0,0,0,0,0,0,0,0.01,0.216,0.566,0.774,0.869,0.934,0.955,0.961,0.968,0.974,0.983,0.983,0.983,0.984,0.991,0.993,0.991,0.975,0,0,0,0,0,0,0,0,0,0,0.021,0.241,0.528,0.704,0.844,0.891,0.906,0.923,0.937,0.959,0.959,0.959,0.961,0.978,0.983,0.978,0.938,,,,,N-SF 8,689313,S-TIM 28,689311,E-FD 8,689312
728284,K-SFLD10,28.4,28.2,0.0256,0.02601,1.70328,1.71291,1.71682,1.72086,1.72202,1.72803,1.72825,1.73429,1.74646,1.74803,1.76201,0,1.77599,1.80259,0.01758,0.00795,0.00739,0.01343,0.687,0.311,0.289,0.525,0.03376,0.01555,0.01398,0.04058,1.319,0.607,0.546,1.585,0.01874,0.01227,0.01374,0.05456,0.72,0.472,0.528,2.098,2.8794157,-0.012203687,0.03351206,0.0018761149,-9.8708915E-05,1.7667333E-05,0.0078,-0.0016,0.0134,0.013,0.1154,518,5,480,150,908,369,0.232,581,613,76,98,1,1,1,,43,,37,3.07,,0,0,0,0,0,0,0,0,0,0.003,0.182,0.36,0.402,0.768,0.907,0.951,0.966,0.975,0.981,0.99,0.991,0.989,0.991,0.994,0.998,0.996,0.979,0,0,0,0,0,0,0,0,0,0,0.004,0.078,0.298,0.518,0.783,0.884,0.918,0.939,0.954,0.973,0.977,0.977,0.977,0.985,0.996,0.992,0.95,,,,,N-SF 10,728285,S-TIH 10,728285,F-FD 10,728283
785259,K-SFLD11,25.9,25.7,0.0303,0.03081,1.75569,1.76677,1.77131,1.77604,1.7774,1.78447,1.78472,1.79187,1.80634,1.80821,1.82494,0,1.84179,0,0.02035,0.00927,0.00868,0.01583,0.672,0.306,0.286,0.522,0.04022,0.0186,0.01685,0,1.327,0.614,0.556,0,0.02171,0.01447,0.01634,0,0.705,0.47,0.53,0,3.059416,-0.015171267,0.036396337,0.0036902359,-0.00031750636,3.4272301E-05,0.0046,-0.0032,0.017,0.0157,0,522,5,541,170,929,368,0.262,609,640,93,105,1,1,1,,44,,37,3.3,,0,0,0,0,0,0,0,0,0,0,0.107,0.47,0.714,0.822,0.901,0.932,0.947,0.957,0.967,0.982,0.985,0.985,0.988,0.997,0.997,0.988,0.968,0,0,0,0,0,0,0,0,0,0,0,0.151,0.43,0.613,0.771,0.838,0.874,0.896,0.92,0.957,0.964,0.964,0.971,0.992,0.992,0.971,0.923,,,,,SF 11,785258,S-TIH 11,785257,FD 110,785257
762265,K-SFLD14,26.5,26.3,0.02873,0.02923,1.7341,1.74472,1.74907,1.75357,1.75485,1.76157,1.76182,1.76859,1.7823,1.78408,1.79995,0,1.81585,0,0.01947,0.00885,0.00825,0.01502,0.678,0.308,0.287,0.523,0.03813,0.01765,0.0159,0,1.327,0.614,0.553,0,0.02075,0.01374,0.01549,0,0.71,0.47,0.53,0,2.9787433,-0.011798697,0.040432992,0.0011404668,8.4929619E-05,8.409647E-06,0.0079,-0.0018,0.018,0.0171,0,542,5,648,195,881,356,0.236,602,639,85,102,1,1,1,,43,,37,3.15,,0,0,0,0,0,0,0,0,0,0,0.168,0.521,0.744,0.845,0.92,0.944,0.957,0.968,0.975,0.988,0.99,0.986,0.99,0.998,0.998,0.996,0.975,0,0,0,0,0,0,0,0,0,0,0.011,0.196,0.478,0.657,0.812,0.867,0.896,0.922,0.94,0.972,0.975,0.968,0.976,0.996,0.996,0.991,0.938,,,,,SF 14,762265,S-TIH 14,762265,FD 140,762266
799246,K-SFLD66,24.6,24.4,0.03246,0.03303,1.76837,1.78007,1.78492,1.78995,1.7914,1.79897,1.79925,1.80689,1.82241,1.82443,1.84245,0,1.86063,0,0.02158,0.00988,0.0093,0.01694,0.665,0.304,0.287,0.522,0.0432,0.02004,0.01818,0,1.331,0.617,0.56,0,0.02303,0.01549,0.01754,0,0.697,0.469,0.531,0,3.0980083,-0.013740976,0.041549812,0.0031784407,-0.0002103905,3.0064862E-05,0.0038,-0.0033,0.0179,0.0173,0,499,5,529,200,840,333,0.262,579,600,87,107,1,1,1,,44,,37,3.35,,0,0,0,0,0,0,0,0,0,0,0.185,0.549,0.757,0.852,0.93,0.961,0.975,0.982,0.99,0.998,0.998,0.994,0.995,0.998,0.994,0.988,0.968,0,0,0,0,0,0,0,0,0,0,0.014,0.224,0.498,0.67,0.835,0.906,0.94,0.957,0.975,0.996,0.996,0.985,0.989,0.996,0.985,0.971,0.923,,,,,,,,,,
847239,K-SFLDn3,23.9,23.7,0.03545,0.03608,1.81311,1.82581,1.83107,1.83654,1.83811,1.84635,1.84666,1.855,1.87199,1.87419,1.894,0,1.91406,0,0.02343,0.01073,0.01012,0.01846,0.661,0.303,0.285,0.521,0.04734,0.02201,0.02006,0,1.335,0.621,0.566,0,0.025,0.01689,0.01919,0,0.693,0.468,0.532,0,3.2574868,-0.016403729,0.044271848,0.0041662405,-0.000314258,3.9290854E-05,0.0033,-0.0042,0.021,0.0197,0,529,5,558,150,980,388,0.263,618,648,89,106,1,1,1,,,44,38,3.49,,0,0,0,0,0,0,0,0,0,0.001,0.015,0.137,0.356,0.555,0.797,0.899,0.94,0.96,0.972,0.988,0.991,0.991,0.992,0.995,0.998,0.997,0.978,0,0,0,0,0,0,0,0,0,0,0,0.007,0.077,0.231,0.569,0.767,0.856,0.903,0.93,0.971,0.978,0.978,0.981,0.988,0.996,0.992,0.948,,,,,N-SF 57,847238,S-TIH 53,847238,FDS 90,847238
643581,K-LaK6,58.1,57.9,0.01106,0.01115,1.63008,1.6353,1.63723,1.63914,1.63968,1.6424,1.6425,1.64514,1.6502,1.65083,1.65622,0,1.66122,1.66963,0.00906,0.00384,0.00336,0.006,0.819,0.347,0.304,0.542,0.01372,0.00602,0.005,0.01341,1.241,0.544,0.452,1.212,0.0096,0.00546,0.00569,0.0188,0.861,0.49,0.51,1.686,2.6515563,-0.010678481,0.01708672,-9.2823421E-05,6.0970481E-05,-3.5490225E-06,0.002,0.0009,-0.0057,-0.006,-0.0274,498,5,570,170,868,345,0.257,651,668,62,79,3,4,2,B,36,,30,3.76,,0,0,0,0.086,0.289,0.51,0.694,0.812,0.887,0.932,0.957,0.971,0.98,0.982,0.987,0.987,0.99,0.994,0.994,0.994,0.997,0.997,0.998,0.998,0.998,0.997,0.97,0,0,0,0,0.045,0.186,0.402,0.595,0.742,0.838,0.896,0.93,0.95,0.957,0.968,0.968,0.975,0.985,0.985,0.985,0.992,0.992,0.996,0.996,0.996,0.992,0.92,Schott Type,,,,,,,,,
652583,K-LaK7,58.3,58.1,0.01118,0.01127,1.63907,1.64432,1.64626,1.6482,1.64875,1.6515,1.6516,1.65427,1.65938,1.66002,1.66546,0,1.6705,1.67909,0.00913,0.00388,0.0034,0.00607,0.817,0.347,0.304,0.543,0.01386,0.00608,0.00504,0.01363,1.24,0.544,0.451,1.219,0.00968,0.00552,0.00575,0.01907,0.859,0.49,0.51,1.692,2.680589,-0.010513873,0.017140176,8.5811085E-05,2.1348318E-05,-7.4091988E-07,-0.0015,0.0005,-0.0061,-0.0062,-0.0193,484,5,500,150,888,351,0.264,645,674,68,84,3,5,1,,36,,30,3.76,,0,0,0.01,0.066,0.196,0.371,0.558,0.711,0.819,0.891,0.934,0.957,0.971,0.978,0.985,0.988,0.99,0.992,0.994,0.994,0.994,0.994,0.997,0.998,0.998,0.997,0.971,0,0,0,0,0.017,0.084,0.232,0.427,0.608,0.751,0.845,0.896,0.93,0.947,0.964,0.971,0.975,0.982,0.985,0.985,0.985,0.985,0.992,0.996,0.996,0.992,0.93,Schott Type,,,,N-LAK 7,652585,S-LAL 7,652585,LAC 7,652584
713539,K-LaK8,53.9,53.7,0.01323,0.01334,1.69811,1.70439,1.7067,1.70898,1.70963,1.71289,1.713,1.71616,1.72221,1.72297,1.72944,0,1.73545,1.74572,0.01087,0.00459,0.00402,0.00718,0.822,0.347,0.304,0.543,0.01644,0.00723,0.00601,0.01628,1.243,0.546,0.454,1.231,0.01152,0.00653,0.00681,0.02275,0.864,0.49,0.51,1.705,2.8792047,-0.014691398,0.019634857,0.0004036515,-1.2936634E-06,2.2997241E-07,0.024,0.0054,-0.0119,-0.0101,-0.0419,746,7,756,70,1190,459,0.296,660,683,49,75,1,4,1,,38,,31,3.79,,0,0,0,0,0.037,0.126,0.27,0.442,0.606,0.743,0.835,0.894,0.929,0.948,0.967,0.974,0.977,0.982,0.985,0.988,0.99,0.991,0.995,0.998,0.998,0.998,0.971,0,0,0,0,0,0,0.037,0.13,0.286,0.477,0.638,0.756,0.832,0.877,0.92,0.937,0.944,0.957,0.964,0.971,0.975,0.978,0.989,0.996,0.996,0.996,0.93,Schott Type,,,,N-LAK 8,713538,S-LAL 8,713539,LAC 8,713539
691548,K-LaK9,54.8,54.5,0.01262,0.01273,1.67706,1.68285,1.68501,1.68719,1.68779,1.69089,1.691,1.694,1.69981,1.70052,1.70671,0,1.71246,1.72229,0.01013,0.00434,0.00381,0.00681,0.803,0.344,0.302,0.54,0.01571,0.0069,0.00575,0.01558,1.245,0.547,0.456,1.235,0.01073,0.00621,0.00652,0.02177,0.843,0.488,0.512,1.71,2.8064871,-0.012028227,0.018483664,0.00047321165,-1.8307714E-05,1.1824166E-06,0.0011,0.0014,-0.008,-0.0085,-0.0312,559,6,695,130,943,366,0.289,651,679,78,86,2,4,1,,37,,31,4.06,,0,0,0,0,0.051,0.239,0.453,0.633,0.773,0.855,0.916,0.946,0.962,0.971,0.977,0.983,0.984,0.985,0.988,0.99,0.992,0.992,0.995,0.997,0.998,0.992,0.962,0,0,0,0,0,0.027,0.138,0.319,0.525,0.676,0.804,0.872,0.908,0.93,0.944,0.958,0.961,0.965,0.972,0.975,0.982,0.982,0.989,0.992,0.996,0.982,0.91,Schott Type,,,,N-LAK 9,691547,S-LAL 9,691548,LAC 9,691547
720503,K-LaK10,50.3,50.1,0.01431,0.01445,1.70455,1.71085,1.71327,1.71569,1.71638,1.71988,1.72,1.72342,1.73,1.73083,1.73793,0,1.74456,1.7559,0.01114,0.00484,0.00431,0.00773,0.778,0.338,0.301,0.54,0.01793,0.00793,0.00663,0.01797,1.253,0.554,0.463,1.256,0.01183,0.00704,0.00741,0.02507,0.819,0.487,0.513,1.735,2.8932592,-0.010286232,0.023502434,-0.00013048628,8.2468965E-05,-3.9764808E-06,-0.0024,0.0009,-0.0087,-0.0077,-0.0444,556,6,664,130,970,380,0.275,657,698,72,86,1,4,1,,37,,32,4.08,,0,0,0,0,0.005,0.079,0.366,0.498,0.683,0.803,0.885,0.93,0.953,0.964,0.978,0.981,0.983,0.985,0.988,0.991,0.992,0.995,0.997,0.998,0.998,0.992,0.964,0,0,0,0,0,0,0.081,0.175,0.385,0.575,0.737,0.834,0.888,0.914,0.948,0.954,0.958,0.965,0.972,0.979,0.982,0.989,0.992,0.996,0.996,0.982,0.914,Schott Type,,,,N-LAK 10,720506,S-LAL 10,720502,LAC 10,720503
658573,K-LaK11,57.3,57,0.01149,0.01159,1.64548,1.65084,1.65283,1.65481,1.65537,1.6582,1.6583,1.66105,1.6663,1.66696,1.67257,0,1.67777,1.68665,0.00933,0.00397,0.00349,0.00624,0.812,0.346,0.304,0.543,0.01427,0.00627,0.0052,0.01408,1.242,0.546,0.453,1.225,0.00989,0.00568,0.00591,0.01969,0.853,0.49,0.51,1.699,2.7018666,-0.010913442,0.017216977,0.00021856992,6.9561279E-06,-3.1596063E-08,-0.0015,0.0001,-0.0058,-0.0058,-0.0207,542,5,639,160,899,355,0.266,639,678,56,85,3,4,1,,36,,29,3.85,,0,0.012,0.069,0.183,0.345,0.5,0.666,0.778,0.864,0.916,0.948,0.964,0.971,0.98,0.983,0.985,0.988,0.99,0.99,0.992,0.994,0.995,0.997,0.998,0.997,0.99,0.96,0,0,0,0.014,0.069,0.177,0.363,0.534,0.695,0.804,0.875,0.914,0.931,0.951,0.958,0.965,0.972,0.975,0.975,0.982,0.985,0.991,0.992,0.996,0.992,0.975,0.904,Schott Type,,,,,,,,,
678555,K-LaK12,55.5,55.2,0.01221,0.01233,1.66438,1.67,1.6721,1.67421,1.6748,1.6778,1.6779,1.68082,1.68642,1.68713,1.69311,0,1.69868,1.70813,0.00983,0.00421,0.00369,0.00661,0.805,0.345,0.302,0.541,0.01521,0.00669,0.00557,0.01502,1.246,0.548,0.456,1.23,0.01042,0.00602,0.00631,0.021,0.845,0.488,0.512,1.703,2.7624188,-0.01072042,0.019279626,-3.7377214E-05,5.4439104E-05,-2.8035955E-06,-0.0001,0.0014,-0.0056,-0.0062,-0.0297,539,5,638,150,921,363,0.269,653,689,69,81,3,3,1,,37,,31,3.98,,0,0,0,0,0.022,0.138,0.35,0.56,0.727,0.835,0.905,0.94,0.96,0.971,0.981,0.981,0.985,0.985,0.988,0.99,0.992,0.994,0.995,0.998,0.998,0.997,0.971,0,0,0,0,0,0,0.072,0.235,0.45,0.638,0.78,0.857,0.903,0.93,0.954,0.954,0.964,0.964,0.971,0.975,0.982,0.985,0.989,0.996,0.996,0.992,0.93,Schott Type,,,,N-LAK 12,678552,S-LAL 12,678553,LAC 12,678555
694534,K-LaK13,53.4,53.1,0.01299,0.01312,1.67934,1.68516,1.68736,1.68959,1.69022,1.6934,1.6935,1.69661,1.70258,1.70334,1.70974,0,1.71572,1.72597,0.01025,0.00443,0.00391,0.00702,0.789,0.341,0.301,0.54,0.01624,0.00716,0.00598,0.01623,1.25,0.551,0.46,1.249,0.01088,0.00639,0.00673,0.02263,0.829,0.487,0.513,1.725,2.8106459,-0.010211215,0.02047301,9.7897189E-05,3.378933E-05,-1.1893964E-06,-0.0062,0.0001,-0.0054,-0.0061,-0.027,560,6,623,160,899,353,0.274,648,683,65,89,1,4,1,,37,,32,4.11,,0,0,0,0,0,0.13,0.403,0.65,0.799,0.883,0.933,0.96,0.971,0.978,0.985,0.985,0.99,0.99,0.99,0.992,0.995,0.995,0.995,0.998,0.998,0.995,0.971,0,0,0,0,0,0,0.103,0.341,0.571,0.733,0.842,0.903,0.93,0.947,0.964,0.964,0.975,0.975,0.975,0.982,0.989,0.989,0.989,0.996,0.996,0.989,0.93,Schott Type,,,,,,S-LAL 13,694532,LAC 13,694533
697556,K-LaK14,55.6,55.5,0.01253,0.01262,1.68272,1.68864,1.69082,1.69299,1.69361,1.69669,1.6968,1.69978,1.70552,1.70623,1.71231,0,1.71798,1.72764,0.01027,0.00435,0.00381,0.00679,0.82,0.347,0.304,0.542,0.01551,0.00679,0.00567,0.01533,1.238,0.542,0.453,1.223,0.01089,0.00617,0.00645,0.02141,0.863,0.489,0.511,1.697,2.8259946,-0.012901534,0.019085857,0.00026486421,2.7706905E-06,3.5443411E-07,0.014,0.0037,-0.0133,-0.0121,-0.0357,634,6,712,90,1119,434,0.289,668,693,64,81,1,5,1,,37,,31,3.64,,0,0,0,0,0.054,0.17,0.34,0.528,0.682,0.795,0.873,0.9,0.918,0.957,0.968,0.975,0.98,0.982,0.985,0.985,0.99,0.991,0.994,0.997,0.997,0.997,0.968,0,0,0,0,0,0.012,0.067,0.203,0.384,0.564,0.714,0.77,0.807,0.896,0.923,0.94,0.95,0.957,0.964,0.964,0.975,0.978,0.985,0.992,0.992,0.992,0.923,Schott Type,,,,N-LAK 14,697554,S-LAL 14,697555,LAC 14,697555
729547,K-LaK18,54.7,54.5,0.01334,0.01344,1.71407,1.72045,1.72278,1.7251,1.72576,1.72905,1.72916,1.73234,1.73844,1.7392,1.74569,0,1.75172,1.76202,0.01103,0.00465,0.00406,0.00724,0.827,0.349,0.304,0.543,0.01653,0.00725,0.00603,0.01633,1.239,0.543,0.452,1.224,0.01169,0.00658,0.00686,0.02282,0.87,0.49,0.51,1.698,2.9326458,-0.014635981,0.02078332,0.0002217123,1.5404207E-05,-3.0668905E-07,0.0256,0.0062,-0.0139,-0.0119,-0.0424,600,6,620,60,1175,461,0.275,682,706,56,71,1,4,1,,38,,30,4.08,,0,0,0.022,0.058,0.1,0.246,0.398,0.554,0.694,0.799,0.873,0.922,0.947,0.965,0.978,0.982,0.985,0.988,0.99,0.991,0.995,0.997,0.998,0.998,0.998,0.995,0.954,0,0,0,0,0.003,0.03,0.1,0.229,0.402,0.571,0.714,0.817,0.874,0.916,0.947,0.957,0.964,0.971,0.975,0.978,0.989,0.992,0.996,0.996,0.996,0.989,0.89,Schott Type,,,,,,S-LAL 18,729547,TAC 8,729547
641601,K-LaKn2,60.1,60,0.01065,0.01072,1.62826,1.63351,1.63539,1.63725,1.63778,1.64041,1.6405,1.64304,1.6479,1.6485,1.65365,0,1.65842,1.66653,0.00899,0.00374,0.00325,0.00579,0.844,0.351,0.305,0.544,0.01315,0.00575,0.00477,0.01288,1.235,0.54,0.448,1.209,0.00952,0.00526,0.00546,0.01803,0.888,0.491,0.509,1.682,2.6499061,-0.013057055,0.01478565,0.0004068836,-1.903382E-05,1.0427952E-06,0.0174,0.0025,-0.0074,-0.0074,-0.0146,561,6,564,130,915,358,0.278,639,663,59,80,4,5,2,,36,,30,3.66,,0,0,0.02,0.086,0.209,0.371,0.558,0.708,0.819,0.887,0.936,0.957,0.971,0.98,0.985,0.988,0.99,0.99,0.992,0.994,0.995,0.997,0.997,0.998,0.998,0.998,0.971,0,0,0,0,0.02,0.084,0.232,0.423,0.608,0.742,0.848,0.896,0.93,0.95,0.964,0.971,0.975,0.975,0.982,0.985,0.989,0.992,0.992,0.996,0.996,0.996,0.93,Schott Type,,,,N-LAK 21,640601,S-BSM 81,640601,LACL 60,640602
670517,K-LaKn7,51.7,51.5,0.01295,0.01308,1.65593,1.6617,1.66389,1.6661,1.66671,1.66988,1.67,1.67308,1.67905,1.67979,1.68622,0,1.69224,1.70269,0.01017,0.0044,0.0039,0.00698,0.785,0.34,0.301,0.539,0.01622,0.00717,0.00602,0.01647,1.253,0.554,0.465,1.272,0.01078,0.00637,0.00671,0.0229,0.824,0.487,0.513,1.751,2.7334938,-0.010297317,0.019448887,0.00029196609,4.4649792E-06,8.5785598E-07,-0.0022,0.0008,-0.0064,-0.0061,-0.0174,546,5,557,170,916,357,0.284,634,668,63,85,1,5,1,,38,,34,3.78,,0,0,0,0,0,0,0,0.154,0.505,0.742,0.867,0.922,0.948,0.963,0.974,0.978,0.982,0.985,0.988,0.99,0.992,0.995,0.997,0.998,0.998,0.992,0.964,0,0,0,0,0,0,0,0,0.181,0.475,0.7,0.817,0.877,0.91,0.937,0.947,0.957,0.964,0.971,0.975,0.982,0.989,0.992,0.996,0.996,0.982,0.913,Schott Type,,,,,,,,,
734512,K-LaKn12,51.2,51,0.01432,0.01445,1.71789,1.7243,1.72673,1.72918,1.72987,1.73338,1.7335,1.73692,1.7435,1.74432,1.75137,0,1.75794,1.76925,0.01129,0.00488,0.00432,0.00774,0.788,0.341,0.302,0.541,0.01787,0.00787,0.00657,0.01788,1.248,0.55,0.459,1.249,0.01198,0.00705,0.0074,0.02493,0.829,0.488,0.512,1.725,2.9410903,-0.011791679,0.022466126,0.00034761977,-1.7639536E-06,1.0304373E-06,0.0033,0.0024,-0.012,-0.0109,-0.0446,620,6,605,100,1108,428,0.295,663,695,65,87,1,4,1,,38,,31,3.92,,0,0,0,0.017,0.079,0.196,0.371,0.54,0.701,0.812,0.887,0.936,0.961,0.974,0.985,0.988,0.99,0.995,0.995,0.997,0.997,0.998,0.998,0.998,0.998,0.998,0.975,0,0,0,0,0,0.017,0.084,0.214,0.411,0.595,0.742,0.848,0.906,0.937,0.964,0.971,0.975,0.989,0.989,0.992,0.992,0.996,0.996,0.996,0.996,0.996,0.94,Schott Type,,,,,,S-LAL 59,734515,TAC 4,734511
741527,K-LaKn14,52.7,52.5,0.01407,0.01419,1.72531,1.73187,1.73431,1.73673,1.73741,1.74088,1.741,1.74436,1.7508,1.7516,1.75848,0,1.76488,1.77586,0.01142,0.00486,0.00427,0.00763,0.812,0.345,0.303,0.542,0.01748,0.00768,0.0064,0.01738,1.242,0.546,0.455,1.235,0.0121,0.00695,0.00724,0.02426,0.853,0.49,0.51,1.71,2.9702462,-0.014464552,0.02148263,0.00046535912,-1.6778433E-05,1.5760726E-06,0.0196,0.0053,-0.0146,-0.0125,-0.0465,713,7,727,73,1174,459,0.28,680,702,58,74,1,4,1,,37,,29,4.31,,0,0.039,0.096,0.199,0.228,0.474,0.614,0.732,0.823,0.888,0.931,0.956,0.971,0.98,0.988,0.992,0.994,0.996,0.997,0.998,0.998,0.998,0.998,0.998,0.998,0.998,0.968,0,0,0.002,0.017,0.024,0.155,0.295,0.458,0.615,0.743,0.835,0.893,0.928,0.949,0.97,0.98,0.985,0.989,0.992,0.996,0.996,0.996,0.996,0.996,0.996,0.996,0.923,Schott Type,,,,,,S-LAL 61,741527,TAC 2,741526
755524,K-LaSKn1,52.4,52.1,0.01442,0.01456,1.73893,1.74566,1.74815,1.75063,1.75132,1.75487,1.755,1.75843,1.76505,1.76588,1.77294,,1.77952,1.79083,0.0117,0.00497,0.00437,0.0078,0.811,0.345,0.303,0.541,0.01794,0.00789,0.00658,0.01789,1.244,0.547,0.456,1.241,0.01239,0.00711,0.00745,0.02495,0.851,0.488,0.512,1.714,3.0196879,-0.016165878,0.020547347,0.00094212627,-7.5208331E-05,4.426339E-06,0.0209,0.0049,-0.0135,-0.0117,-0.0437,696,7,681,64,1136,443,0.283,693,712,57,70,1,4,1,,38,,29,4.51,,0,0.005,0.064,0.133,0.201,0.373,0.516,0.654,0.767,0.853,0.908,0.943,0.964,0.977,0.99,0.992,0.998,0.998,0.998,0.998,0.998,0.998,0.998,0.998,0.998,0.995,0.961,0,0,0,0,0.018,0.085,0.192,0.346,0.516,0.672,0.786,0.864,0.913,0.944,0.975,0.982,0.996,0.996,0.996,0.996,0.996,0.996,0.996,0.996,0.996,0.989,0.906,,,,,N-LAK 33A,754523,S-YGH 51,755523,TAC 6,755523
744449,K-LaF2,44.9,44.6,0.01658,0.01678,1.72651,1.73356,1.73628,1.73907,1.73984,1.74386,1.744,1.74794,1.75565,1.75662,1.76502,0,1.77299,1.78707,0.01256,0.00551,0.00493,0.00887,0.758,0.332,0.297,0.535,0.02102,0.00937,0.00797,0.02205,1.268,0.565,0.481,1.33,0.01333,0.0081,0.00868,0.03045,0.794,0.483,0.517,1.815,2.9687813,-0.012117585,0.024462371,0.00079112124,-3.3978917E-05,3.9862263E-06,0.002,0.0013,-0.0048,-0.0048,-0.0125,615,6,621,130,1021,397,0.276,648,686,73,86,1,4,1,,39,,34,4.01,,0,0,0,0,0,0,0,0.027,0.279,0.606,0.795,0.882,0.925,0.947,0.967,0.974,0.978,0.982,0.985,0.99,0.992,0.994,0.997,0.998,0.998,0.998,0.974,0,0,0,0,0,0,0,0,0.041,0.286,0.564,0.73,0.823,0.874,0.92,0.937,0.947,0.957,0.964,0.975,0.982,0.985,0.992,0.996,0.996,0.996,0.937,Schott Type,,,,N-LAF 2,744449,S-LAM 2,744448,LAF 2,744449
717479,K-LaF3,47.9,47.6,0.01498,0.01515,1.70096,1.7075,1.71,1.71252,1.71323,1.71687,1.717,1.72056,1.7275,1.72838,1.73587,0,1.74297,1.75534,0.01156,0.00502,0.00448,0.00804,0.772,0.335,0.299,0.537,0.01887,0.00837,0.0071,0.01947,1.26,0.559,0.474,1.3,0.01227,0.00733,0.00782,0.02696,0.81,0.484,0.516,1.78,2.8849358,-0.012668322,0.021170498,0.00085117754,-4.902482E-05,3.7361709E-06,0.0022,0.0006,-0.0069,-0.0068,-0.0195,555,6,575,160,946,371,0.275,637,675,69,87,1,4,1,,38,,34,4.05,,0,0,0,0,0,0,0,0.154,0.482,0.746,0.867,0.92,0.946,0.957,0.968,0.971,0.977,0.981,0.985,0.988,0.988,0.991,0.994,0.998,0.997,0.994,0.971,0,0,0,0,0,0,0,0,0.161,0.481,0.7,0.813,0.87,0.896,0.923,0.93,0.944,0.954,0.964,0.971,0.971,0.978,0.985,0.996,0.992,0.985,0.93,Schott Type,,,,N-LAF 3,717480,S-LAM 3,717479,LAF 3,717480
685492,K-LaFn1,49.2,48.9,0.01392,0.01407,1.67008,1.67618,1.6785,1.68083,1.68149,1.68488,1.685,1.68831,1.69475,1.69556,1.70253,0,1.7091,1.72058,0.01075,0.00465,0.00417,0.00748,0.772,0.334,0.3,0.537,0.01753,0.00778,0.00657,0.01805,1.259,0.559,0.472,1.297,0.01141,0.00682,0.00725,0.02502,0.811,0.485,0.515,1.778,2.7831037,-0.012354306,0.018328162,0.0010714523,-8.5608858E-05,5.4247225E-06,-0.0035,-0.002,-0.0046,-0.0046,-0.0121,544,5,559,150,900,355,0.267,652,685,71,86,1,4,1,,38,,34,3.89,,0,0,0,0,0,0,0,0.138,0.482,0.74,0.862,0.919,0.96,0.971,0.974,0.978,0.982,0.985,0.988,0.995,0.995,0.997,0.998,0.998,0.998,0.997,0.977,0,0,0,0,0,0,0,0,0.161,0.471,0.691,0.81,0.903,0.93,0.937,0.947,0.957,0.964,0.971,0.989,0.989,0.992,0.996,0.996,0.996,0.992,0.944,Schott Type,,,,,,,,,
697485,K-LaFn2,48.5,48.2,0.01438,0.01454,1.68164,1.6879,1.69029,1.6927,1.69338,1.69687,1.697,1.70042,1.70708,1.70792,1.71514,0,1.72195,1.73387,0.01106,0.0048,0.0043,0.00772,0.769,0.334,0.299,0.537,0.01814,0.00806,0.00681,0.01873,1.261,0.561,0.474,1.303,0.01174,0.00704,0.0075,0.02595,0.807,0.484,0.516,1.785,2.8209581,-0.012387214,0.01929917,0.0010436756,-7.7921095E-05,5.1365409E-06,-0.0032,-0.0014,-0.0039,-0.0041,-0.012,526,5,530,150,682,265,0.285,647,686,,86,1,4,1,,38,,34,3.98,,0,0,0,0,0,0,0,0.082,0.414,0.708,0.86,0.922,0.951,0.965,0.977,0.982,0.985,0.988,0.992,0.995,0.995,0.997,0.998,0.998,0.998,0.995,0.968,0,0,0,0,0,0,0,0,0.11,0.423,0.686,0.817,0.883,0.916,0.944,0.957,0.964,0.971,0.982,0.989,0.989,0.992,0.996,0.996,0.996,0.989,0.923,Schott Type,,,,,,S-LAM 59,697485,LAFL 2,697485
700480,K-LaFn3,48,47.7,0.01459,0.01474,1.68458,1.6908,1.69321,1.69564,1.69634,1.69988,1.7,1.70348,1.71023,1.71108,1.71839,0,1.7253,1.73737,0.01106,0.00484,0.00436,0.00784,0.758,0.332,0.299,0.537,0.01839,0.00816,0.00691,0.01898,1.26,0.559,0.474,1.301,0.01176,0.00714,0.0076,0.02629,0.798,0.484,0.516,1.784,2.8276713,-0.010513547,0.020813388,0.00079058417,-5.0424719E-05,4.0193189E-06,-0.012,-0.0029,-0.0059,-0.0061,-0.0174,551,6,549,170,881,346,0.274,639,684,73,96,1,4,1,,38,,34,4.02,,0,0,0,0,0,0,0,0.114,0.447,0.727,0.862,0.929,0.957,0.971,0.981,0.984,0.985,0.988,0.991,0.992,0.995,0.995,0.998,0.998,0.998,0.998,0.981,0,0,0,0,0,0,0,0,0.134,0.45,0.691,0.832,0.896,0.93,0.954,0.961,0.964,0.971,0.978,0.982,0.989,0.989,0.996,0.996,0.996,0.996,0.954,Schott Type,,,,,,S-LAM 51,700481,,
743492,K-LaFn5,49.2,49,0.01509,0.01524,1.72645,1.7333,1.73587,1.73845,1.73917,1.74287,1.743,1.74659,1.75354,1.75441,1.76189,0,1.76889,1.78094,0.012,0.00515,0.00455,0.00814,0.795,0.341,0.302,0.539,0.01889,0.00835,0.007,0.01905,1.252,0.553,0.464,1.262,0.01272,0.00742,0.00782,0.02653,0.835,0.487,0.513,1.741,2.9714533,-0.013740941,0.023719759,0.00020900656,4.0479582E-05,-1.5103762E-06,0.0195,0.0052,-0.0121,-0.0102,-0.0464,705,7,751,76,1159,450,0.289,665,687,51,71,1,4,1,,39,,34,4.05,,0,0,0,0,0,0,0.018,0.188,0.49,0.713,0.838,0.904,0.941,0.958,0.978,0.986,0.99,0.994,0.996,0.998,0.998,0.998,0.998,0.998,0.998,0.995,0.962,0,0,0,0,0,0,0,0.015,0.168,0.429,0.644,0.778,0.86,0.9,0.946,0.965,0.977,0.986,0.991,0.996,0.996,0.996,0.996,0.996,0.996,0.989,0.908,Schott Type,,,,,,S-LAM 60,743493,NBF 1,743492
764403,K-LaFn9,40.3,40,0.01895,0.0192,1.74459,1.75227,1.7553,1.7584,1.75928,1.76383,1.764,1.7685,1.77735,1.77848,1.78826,0,1.79762,0,0.01381,0.00613,0.0056,0.0101,0.729,0.323,0.296,0.533,0.02426,0.01091,0.00936,0,1.28,0.576,0.494,0,0.01469,0.00922,0.00998,0,0.765,0.48,0.52,0,3.032871,-0.01386928,0.023554889,0.0024226145,-0.00025576787,1.7912149E-05,-0.0055,-0.0023,-0.0014,-0.001,0,539,5,546,140,952,374,0.274,671,724,75,88,1,4,1,,41,,35,4.26,,0,0,0,0,0,0,0,0,0.054,0.34,0.625,0.775,0.86,0.904,0.946,0.96,0.968,0.977,0.982,0.99,0.995,0.995,0.997,0.998,0.998,0.998,0.982,0,0,0,0,0,0,0,0,0,0.067,0.309,0.529,0.686,0.777,0.87,0.903,0.923,0.944,0.957,0.975,0.989,0.989,0.992,0.996,0.996,0.996,0.957,Schott Type,,,,,,S-LAM 55,762401,,
720460,K-LaFn11,46,45.7,0.01566,0.01584,1.70354,1.71029,1.71286,1.71546,1.7162,1.71999,1.72013,1.72385,1.73112,1.73204,1.73994,0,1.74742,1.76066,0.01192,0.00517,0.00467,0.00839,0.761,0.33,0.298,0.536,0.01981,0.00882,0.00748,0.02072,1.265,0.563,0.478,1.323,0.01266,0.00765,0.00819,0.02862,0.799,0.483,0.517,1.807,2.8971956,-0.014675814,0.018807805,0.0019207795,-0.00019387667,1.1751264E-05,0.0005,-0.0022,-0.0053,-0.0051,-0.0107,558,6,592,120,984,383,0.285,648,692,81,82,1,4,1,,38,,34,3.88,,0,0,0,0,0,0,0,0.022,0.279,0.631,0.826,0.909,0.943,0.961,0.974,0.981,0.985,0.988,0.99,0.995,0.995,0.997,0.998,0.998,0.998,0.997,0.978,0,0,0,0,0,0,0,0,0.041,0.317,0.62,0.789,0.864,0.906,0.937,0.954,0.964,0.971,0.975,0.989,0.989,0.992,0.996,0.996,0.996,0.992,0.947,Schott Type,,,,,,S-LAM 61,720460,,
806407,K-LaSFn1,40.7,40.5,0.01979,0.02002,1.78545,1.79371,1.79694,1.80022,1.80115,1.80593,1.8061,1.81081,1.82001,1.82117,1.83123,0,1.84081,1.85785,0.01477,0.00651,0.00588,0.01059,0.746,0.328954017180395,0.297119757453265,0.535118746841845,0.02513,0.01122,0.00958,0.02662,1.26983324911571,0.566953006568975,0.48408287013644,1.34512379989895,0.0157,0.00966,0.01036,0.03668,0.784215784215789,0.482517482517484,0.517482517482516,1.83216783216784,3.173200569368,-0.014382312,0.028970442,0.0014062821,-0.00010549747,8.9086434E-06,0.0103,0.0027,-0.011,-0.0092,-0.0297,599,6,624,63,1125,438,0.284,675,709,67,80,1,3,1,,40,,33,4.17,,0,0,0,0,0.002,0.017,0.165,0.413,0.616,0.754,0.843,0.898,0.932,0.952,0.972,0.979,0.985,0.991,0.994,0.998,0.998,0.998,0.998,0.998,0.998,0.998,0.985,0,0,0,0,0,0,0.011,0.11,0.298,0.494,0.653,0.765,0.839,0.885,0.931,0.95,0.965,0.979,0.987,0.996,0.996,0.996,0.996,0.996,0.996,0.996,0.964,Schott Type,,,,N-LASF 43,806406,S-LAH 53,806409,NBFD 13,806407
805396,K-LaSFn2,39.6,39.3,0.02034,0.02059,1.78379,1.79232,1.79562,1.79897,1.79992,1.80482,1.805,1.80983,1.81931,1.82051,1.83093,0,1.84087,1.85865,0.01518,0.00665,0.00603,0.01086,0.746,0.327,0.296,0.534,0.02593,0.01162,0.00994,0.02772,1.275,0.571,0.489,1.363,0.01613,0.00991,0.01068,0.03814,0.783,0.481,0.519,1.852,3.1713681,-0.017177473,0.02713671,0.0020669191,-0.00017405774,1.2284394E-05,0.0154,0.002,-0.0082,-0.0065,-0.0204,613,6,637,74,1149,447,0.286,622,654,56,70,1,3,1,,41,,34,4.13,,0,0,0,0,0,0.001,0.044,0.261,0.517,0.7,0.811,0.882,0.924,0.949,0.97,0.982,0.988,0.993,0.997,0.998,0.998,0.998,0.998,0.998,0.998,0.998,0.976,0,0,0,0,0,0,0,0.035,0.193,0.41,0.593,0.731,0.821,0.878,0.927,0.956,0.971,0.982,0.994,0.998,0.998,0.998,0.998,0.998,0.998,0.998,0.94,Schott Type,,,,,,S-LAH 63,804396,NBFD 3,805396
800423,K-LaSFn3,42.3,42,0.0189,0.01913,1.77975,1.78765,1.79074,1.79388,1.79476,1.79933,1.7995,1.80399,1.81278,1.81389,1.8235,0,1.83262,1.84862,0.01413,0.00623,0.00562,0.01011,0.748,0.33,0.297,0.535,0.024,0.01072,0.00912,0.02512,1.27,0.567,0.483,1.329,0.01501,0.00923,0.0099,0.03473,0.785,0.482,0.518,1.815,3.1508338,-0.012524775,0.029840102,0.00052842784,3.3351662E-05,1.251841E-07,0.0041,0.0015,-0.0078,-0.0066,-0.0333,672,7,698,101,1068,416,0.282,699,741,69,80,1,3,1,,40,,33,4.39,,0,0,0,0,0.007,0.019,0.171,0.43,0.637,0.777,0.858,0.913,0.941,0.956,0.974,0.977,0.982,0.988,0.991,0.994,0.995,0.996,0.997,0.994,0.998,0.998,0.981,0,0,0,0,0,0,0.012,0.121,0.324,0.532,0.682,0.798,0.859,0.895,0.936,0.945,0.956,0.971,0.978,0.985,0.987,0.991,0.992,0.986,0.996,0.996,0.954,Schott Type,,,,N-LAF 36,800424,S-LAH 52,800422,NBFD 12,800423
785437,K-LaSFn4,43.7,43.4,0.01798,0.01818,1.766,1.77364,1.77662,1.77962,1.78047,1.78484,1.785,1.78927,1.7976,1.79865,1.80773,0,1.81633,1.83139,0.01362,0.00598,0.00538,0.00965,0.758,0.333,0.299,0.537,0.02273,0.01013,0.0086,0.02366,1.264,0.563,0.478,1.316,0.01447,0.0088,0.00938,0.03274,0.796,0.484,0.516,1.801,3.1018721,-0.011787085,0.029649143,0.00010754507,7.1438025E-05,-1.6090645E-06,0.0075,0.0029,-0.0107,-0.0083,-0.0356,646,6,692,93,1134,443,0.281,675,700,69,83,1,3,1,,39,,32,4.12,,0,0,0,0,0.002,0.061,0.281,0.527,0.701,0.812,0.881,0.923,0.949,0.963,0.975,0.981,0.986,0.99,0.994,0.997,0.997,0.997,0.998,0.998,0.998,0.998,0.98,0,0,0,0,0,0,0.041,0.202,0.412,0.595,0.729,0.82,0.878,0.91,0.939,0.954,0.967,0.977,0.986,0.994,0.99,0.994,0.996,0.996,0.997,0.997,0.951,Schott Type,,,,,,,,NBFD 11,786439
804466,K-LaSFn6,46.6,46.3,0.01726,0.01744,1.78538,1.79301,1.79591,1.79882,1.79964,1.80385,1.804,1.80811,1.81608,1.81708,1.82568,0,1.83376,1.84782,0.01344,0.00581,0.00518,0.00929,0.779,0.337,0.3,0.538,0.02168,0.0096,0.00808,0.02214,1.256,0.556,0.468,1.283,0.01426,0.00847,0.00897,0.03074,0.818,0.486,0.514,1.763,3.1789596,-0.016376966,0.025061101,0.001231105,-9.1803635E-05,5.9965473E-06,0.0151,0.0035,-0.013,-0.0112,-0.0463,587,6,579,60,1231,475,0.295,686,710,59,74,1,3,1,,39,,32,4.72,,0,0,0,0,0.005,0.108,0.348,0.57,0.725,0.82,0.874,0.913,0.933,0.947,0.96,0.966,0.97,0.973,0.985,0.993,0.995,0.998,0.998,0.998,0.998,0.998,0.971,0,0,0,0,0,0.003,0.071,0.245,0.448,0.609,0.715,0.797,0.841,0.873,0.903,0.918,0.928,0.935,0.958,0.98,0.987,0.996,0.996,0.996,0.996,0.996,0.93,Schott Type,,,,N-LASF 44,804465,S-LAH 65,804466,TAF 3,804465
773496,K-LaSFn7,49.6,49.3,0.01558,0.01573,1.75544,1.76247,1.76514,1.76779,1.76854,1.77236,1.7725,1.77621,1.78337,1.78427,1.79196,0,1.7992,1.81159,0.01235,0.00532,0.00471,0.00842,0.793,0.341,0.302,0.54,0.01946,0.00859,0.00724,0.01963,1.249,0.551,0.465,1.26,0.0131,0.00767,0.00806,0.02732,0.833,0.488,0.512,1.737,3.0684332,-0.012575311,0.027080646,-0.00040200298,0.00012281886,-5.4934589E-06,0.0152,0.0049,-0.0141,-0.0116,-0.0459,705,7,752,60,1205,465,0.297,673,697,57,72,1,3,1,,38,,31,4.44,,0,0,0,0.019,0.107,0.359,0.553,0.707,0.816,0.886,0.932,0.955,0.974,0.98,0.987,0.991,0.993,0.996,0.996,0.997,0.998,0.998,0.998,0.998,0.998,0.997,0.968,0,0,0,0,0.003,0.077,0.227,0.421,0.601,0.739,0.838,0.892,0.936,0.951,0.97,0.979,0.983,0.991,0.99,0.993,0.995,0.995,0.996,0.996,0.996,0.994,0.923,Schott Type,,,,N-LAF 34,773496,S-LAH 66,773496,TAF 1,773496
835427,K-LaSFn8,42.7,42.5,0.01954,0.01976,1.81434,1.82269,1.82591,1.82917,1.83009,1.83483,1.835,1.83964,1.84871,1.84985,1.85972,0,1.86905,1.8854,0.01483,0.00648,0.00583,0.01047,0.759,0.332,0.298,0.536,0.02472,0.01101,0.00933,0.02568,1.265,0.563,0.477,1.314,0.01575,0.00955,0.01021,0.03555,0.797,0.483,0.517,1.799,3.2782547,-0.015874744,0.029711102,0.0010965326,-4.5736257E-05,4.1481846E-06,0.0134,0.003,-0.0117,-0.0097,-0.0448,602,6,620,65,1240,481,0.29,687,709,60,74,1,2,1,,41,,33,4.9,,0,0,0,0,0.003,0.043,0.211,0.432,0.619,0.758,0.847,0.903,0.938,0.955,0.976,0.983,0.99,0.991,0.994,0.998,0.997,0.996,0.998,0.995,0.998,0.998,0.973,0,0,0,0,0,0,0.02,0.123,0.301,0.5,0.659,0.775,0.851,0.892,0.94,0.959,0.975,0.978,0.986,0.995,0.993,0.99,0.995,0.987,0.996,0.995,0.933,Schott Type,,,,,,S-LAH 55,835427,TAFD 5F,835427
816467,K-LaSFn9,46.7,46.4,0.01748,0.01767,1.79726,1.80488,1.80781,1.81076,1.81158,1.81585,1.816,1.82018,1.82824,1.82925,1.83797,0,1.84615,1.86032,0.0135,0.00588,0.00524,0.00942,0.772,0.336,0.3,0.539,0.02197,0.00973,0.00818,0.02235,1.257,0.557,0.468,1.279,0.01432,0.0086,0.00907,0.03107,0.81,0.487,0.513,1.758,3.2166408,-0.013939421,0.02808926,0.00054031151,3.2097031E-06,1.0680734E-06,0.0083,0.0032,-0.0121,-0.0106,-0.0498,769,7,786,50,1238,477,0.298,693,719,63,76,1,3,1,,40,,32,4.96,,0,0,0,0,0.013,0.111,0.241,0.405,0.576,0.714,0.819,0.883,0.923,0.947,0.968,0.977,0.981,0.982,0.985,0.988,0.991,0.995,0.997,0.998,0.99,0.99,0.961,0,0,0,0,0,0,0.028,0.104,0.252,0.43,0.608,0.733,0.82,0.874,0.923,0.944,0.954,0.957,0.964,0.971,0.978,0.989,0.992,0.996,0.971,0.971,0.906,Schott Type,,,,,,S-LAH 59,816466,TAF 5,816466
816444,K-LaSFn10,44.4,44.2,0.01836,0.01856,1.79586,1.80383,1.8069,1.80999,1.81086,1.81534,1.8155,1.81987,1.82835,1.82942,1.83863,0,1.84731,1.86242,0.01413,0.00616,0.00551,0.00988,0.77,0.336,0.3,0.538,0.02313,0.01028,0.00868,0.02379,1.26,0.56,0.473,1.296,0.015,0.00901,0.00955,0.033,0.808,0.485,0.515,1.778,3.2087033,-0.013472892,0.030986696,5.6893297E-05,7.8668743E-05,-2.3120976E-06,0.0162,0.005,-0.0137,-0.0107,-0.0502,735,7,739,60,1236,477,0.294,683,710,56,72,1,2,1,,41,,34,4.8,,0,0,0,0,0,0,0,0.079,0.371,0.634,0.799,0.876,0.922,0.94,0.964,0.971,0.975,0.981,0.985,0.988,0.991,0.995,0.997,0.998,0.971,0.971,0.929,0,0,0,0,0,0,0,0,0.084,0.32,0.571,0.719,0.817,0.857,0.913,0.93,0.94,0.954,0.964,0.971,0.978,0.989,0.992,0.996,0.93,0.93,0.832,Schott Type,,,,,,,,,
834373,K-LaSFn14,37.3,37.1,0.02233,0.02263,1.81116,1.82021,1.82378,1.82742,1.82845,1.8338,1.834,1.83929,1.84975,1.85108,1.86268,0,1.87385,0,0.01626,0.00721,0.00658,0.01187,0.728,0.323,0.295,0.532,0.02868,0.01293,0.01117,0,1.284,0.579,0.5,0,0.01729,0.01084,0.01179,0,0.764,0.479,0.521,0,3.2632451,-0.01536611,0.032299748,0.0015879628,-7.6838346E-05,8.3449465E-06,0.008,0.0006,-0.0033,-0.0022,0,610,6,607,70,1178,460,0.279,648,673,58,75,1,3,1,,43,,35,4.18,,0,0,0,0,0,0,0,0.03,0.091,0.348,0.593,0.748,0.838,0.89,0.937,0.958,0.969,0.978,0.985,0.993,0.995,0.998,0.998,0.998,0.998,0.998,0.973,0,0,0,0,0,0,0,0,0.002,0.071,0.27,0.485,0.643,0.747,0.851,0.899,0.926,0.946,0.964,0.982,0.987,0.996,0.996,0.996,0.996,0.996,0.936,Schott Type,,,,N-LASF 40,834373,S-LAH 60,834372,NBFD 10,834373
788474,K-LaSFn16,47.4,47.2,0.01663,0.01679,1.77035,1.77769,1.78049,1.7833,1.7841,1.78815,1.7883,1.79226,1.79993,1.80089,1.80915,0,1.8169,1.83036,0.01295,0.00561,0.005,0.00896,0.779,0.337,0.301,0.539,0.02085,0.00922,0.00775,0.02121,1.254,0.554,0.466,1.275,0.01375,0.00816,0.00863,0.02947,0.819,0.486,0.514,1.755,3.1239984,-0.014654892,0.025109176,0.00088088136,-5.4833245E-05,4.1837812E-06,0.0114,0.0033,-0.0138,-0.0118,-0.0474,710,7,692,70,1224,473,0.294,693,714,54,72,1,3,1,,39,,32,4.76,,0,0,0,0,0,0.05,0.122,0.371,0.6,0.753,0.849,0.907,0.939,0.957,0.971,0.977,0.981,0.982,0.985,0.988,0.988,0.992,0.994,0.997,0.998,0.998,0.968,0,0,0,0,0,0,0,0.084,0.279,0.492,0.664,0.783,0.854,0.896,0.93,0.944,0.954,0.957,0.964,0.971,0.971,0.982,0.985,0.992,0.996,0.996,0.923,Schott Type,,,,N-LAF 21,788475,S-LAH 64,788474,TAF 4,788475
883408,K-LaSFn17,40.8,40.6,0.02164,0.02189,1.86054,1.86943,1.87297,1.87656,1.87758,1.88281,1.883,1.88813,1.8982,1.89947,1.91048,0,1.92086,0,0.01602,0.00713,0.00644,0.01157,0.740295748613671,0.329,0.298,0.535,0.02748,0.01228,0.01038,0,1.27,0.567,0.48,0,0.01704,0.01055,0.01134,0,0.778,0.482,0.518,0,3.4308989,-0.0093924821,0.042811307,-0.0017267355,0.00041474268,-2.2409891E-05,0.0038,0.0031,-0.0108,-0.0086,0,689,7,690,60,1290,496,0.3,703,733,63,79,1,1,1,,43,,32,5.54,,0,0,0,0.007,0.034,0.175,0.33,0.496,0.643,0.761,0.838,0.893,0.926,0.946,0.965,0.973,0.98,0.984,0.988,0.992,0.992,0.993,0.995,0.998,0.998,0.996,0.978,0,0,0,0,0,0.012,0.062,0.174,0.332,0.505,0.643,0.753,0.825,0.872,0.916,0.935,0.951,0.961,0.971,0.98,0.98,0.985,0.989,0.996,0.996,0.992,0.946,Schott Type,,,,,,S-LAH 58,883408,TAFD 30,883408
850324,K-LaSFn21,32.4,32.2,0.02623,0.02662,1.82377,1.83414,1.83818,1.84235,1.84354,1.84977,1.85,1.85622,1.86858,1.87016,1.88412,0,1.89827,0,0.01858,0.00821,0.00765,0.01387,0.708,0.313,0.292,0.529,0.03412,0.01554,0.01415,0,1.301,0.592,0.539,0,0.01977,0.01268,0.01394,0,0.743,0.476,0.524,0,3.3441307,-0.033930036,0.0063506674,0.013103681,-0.0019545841,0.00013123801,0.0111,-0.0037,0.0034,0.0039,0,720,7,679,80,1140,444,0.284,628,668,60,76,1,3,1,,51,,37,3.99,,0,0,0,0,0,0,0,0,0,0.01,0.11,0.308,0.502,0.645,0.805,0.873,0.907,0.931,0.95,0.975,0.986,0.991,0.994,0.994,0.996,0.995,0.97,0,0,0,0,0,0,0,0,0,0,0.004,0.053,0.179,0.334,0.582,0.713,0.785,0.838,0.881,0.939,0.966,0.977,0.985,0.985,0.99,0.987,0.929,Schott Type,,,,LASF N9,850322,,,,
898340,K-LaSFn22,34,33.8,0.0264,0.02678,1.87149,1.88183,1.886,1.89026,1.89147,1.89777,1.898,1.90425,1.91666,1.91825,1.93218,0,1.94574,0,0.01877,0.00843,0.00774,0.01399,0.710984848484847,0.319318181818188,0.293181818181813,0.529924242424241,0.03418,0.01552,0.01356,0,1.29469696969697,0.587878787878788,0.513636363636365,0,0.01998,0.01278,0.014,0,0.746079163554887,0.477221807318895,0.522778192681105,0,3.473665745959,-0.01346724796089,0.04298191957912,0.000831842271772,6.536183714534E-05,4.344784602262E-06,0.0062,0.0008,0.0005,0.0017,0,751,7,764,66,1253,486,0.29,655,693,57,79,1,1,1,,48,,36,4.92,,0,0,0,0,0,0,0,0,0.001,0.072,0.328,0.566,0.719,0.808,0.895,0.934,0.954,0.969,0.98,0.991,0.992,0.992,0.994,0.994,0.998,0.998,0.977,0,0,0,0,0,0,0,0,0,0.001,0.061,0.241,0.438,0.588,0.758,0.844,0.89,0.925,0.951,0.977,0.98,0.981,0.985,0.986,0.996,0.996,0.945,Schott Type,,,,,,,,,
693337,K-CD45,33.7,33.5,0.02056,0.02086,1.67254,1.68067,1.68389,1.68719,1.68813,1.69302,1.6932,1.69806,1.70775,1.70899,1.7199,0,1.73062,0,0.01465,0.00652,0.00601,0.01087,0.713,0.317,0.292,0.529,0.0267,0.01215,0.01072,0,1.299,0.591,0.521,0,0.01559,0.00993,0.01093,0,0.747,0.476,0.524,0,2.786378,-0.013893689,0.023793683,0.0024989264,-0.00024741799,2.069713E-05,0.0091,-0.0011,0.0038,0.0044,0,562,6,579,200,903,358,0.26,470,507,91,121,2,1,1,,41,,35,3.13,,0,0,0,0,0,0,0,0.001,0.033,0.27,0.551,0.727,0.824,0.881,0.94,0.961,0.971,0.98,0.986,0.994,0.994,0.994,0.994,0.996,0.998,0.998,0.969,0,0,0,0,0,0,0,0,0,0.038,0.225,0.45,0.617,0.728,0.858,0.906,0.93,0.951,0.966,0.986,0.986,0.986,0.987,0.991,0.996,0.996,0.924,,Optical Glass for Precision Molding,,,,,,,,
723292,K-CD120,29.2,29,0.02472,0.02511,1.69826,1.70764,1.71143,1.71534,1.71646,1.72228,1.7225,1.72833,1.74006,1.74157,1.75498,0,1.76833,0,0.01708,0.0077,0.00716,0.01299,0.691,0.311,0.29,0.525,0.03248,0.01492,0.01335,0,1.314,0.604,0.54,0,0.0182,0.01187,0.01324,0,0.725,0.473,0.527,0,2.8653288,-0.013005976,0.030940312,0.0023043404,-0.00017506562,2.0685594E-05,0.0084,-0.0015,0.0102,0.0103,0,555,6,560,180,902,359,0.254,508,549,92,119,1,1,1,,43,,36,3.01,,0,0,0,0,0,0,0,0,0,0.026,0.253,0.525,0.703,0.808,0.914,0.954,0.97,0.981,0.99,0.998,0.998,0.998,0.998,0.998,0.995,0.991,0.96,0,0,0,0,0,0,0,0,0,0,0.032,0.199,0.415,0.588,0.798,0.89,0.927,0.954,0.975,0.996,0.996,0.992,0.996,0.996,0.989,0.978,0.903,,Optical Glass for Precision Molding,,,,,,,,
587596,K-CSK120,59.6,59.4,0.00985,0.00993,1.57575,1.58048,1.58224,1.58398,1.58446,1.58691,1.587,1.58935,1.59383,1.59439,1.59917,0,1.60361,1.61115,0.00823,0.0035,0.00302,0.00537,0.836,0.355,0.307,0.545,0.01217,0.00534,0.00444,0.01198,1.236,0.542,0.451,1.216,0.00871,0.00489,0.00504,0.01676,0.877,0.492,0.508,1.688,2.473831,-0.0074195677,0.018102711,-0.0010196185,0.00016280277,-7.6589188E-06,0.0113,0.0073,-0.0077,-0.0059,-0.012,582,6,572,110,930,372,0.25,498,536,72,91,1,4,2,,35,,31,3,,0,0,0,0,0.079,0.386,0.679,0.843,0.923,0.963,0.972,0.984,0.99,0.998,0.998,0.998,0.998,0.998,0.998,0.998,0.998,0.998,0.998,0.998,0.994,0.988,0.965,0,0,0,0,0,0.092,0.381,0.654,0.818,0.912,0.932,0.962,0.975,0.996,0.996,0.996,0.996,0.996,0.996,0.996,0.996,0.996,0.996,0.996,0.985,0.971,0.916,,Optical Glass for Precision Molding,,,,,,,,
694563,K-LaFK55,56.3,56,0.01233,0.01244,1.68014,1.68597,1.68812,1.69024,1.69084,1.69389,1.694,1.69694,1.70257,1.70328,1.7093,0,1.71489,1.72447,0.0101,0.00427,0.00376,0.0067,0.819,0.346,0.305,0.543,0.0153,0.00673,0.00559,0.01517,1.241,0.546,0.453,1.23,0.0107,0.0061,0.00634,0.02119,0.86,0.49,0.51,1.703,2.8178231,-0.01289231,0.018517287,0.000310526,-1.4481387E-06,5.7649424E-07,0.0104,0.0021,-0.0089,-0.0072,-0.0236,637,6,681,100,1183,461,0.284,514,556,73,91,1,4,1,B,37,,29,4.34,,0,0.011,0.048,0.105,0.164,0.373,0.545,0.699,0.818,0.898,0.944,0.97,0.982,0.991,0.998,0.998,0.998,0.998,0.998,0.998,0.998,0.998,0.998,0.997,0.995,0.992,0.967,0,0,0,0,0.011,0.085,0.219,0.409,0.605,0.765,0.867,0.927,0.957,0.978,0.996,0.996,0.996,0.996,0.996,0.996,0.996,0.996,0.996,0.992,0.989,0.982,0.92,,Optical Glass for Precision Molding,,,,,,,,
632638,K-LaFK60,63.8,63.5,0.00992,0.01,1.62126,1.62598,1.62772,1.62944,1.62992,1.63237,1.63246,1.63483,1.63936,1.63992,1.64473,0,1.64919,1.65674,0.00818,0.00346,0.00302,0.00539,0.825,0.349,0.304,0.543,0.01227,0.00537,0.00446,0.01201,1.237,0.541,0.45,1.211,0.00866,0.00491,0.00509,0.01682,0.866,0.491,0.509,1.682,2.6242925,-0.010010207,0.014759497,0.00012162863,1.5383339E-05,-7.2592822E-07,-0.019,-0.0041,0.002,-0.0006,0.0147,547,5,570,180,997,387,0.288,485,528,93,114,1,5,1,B,38,,28,4.29,,0.058,0.078,0.169,0.277,0.365,0.581,0.706,0.779,0.822,0.848,0.88,0.912,0.943,0.965,0.982,0.991,0.995,0.997,0.998,0.998,0.998,0.998,0.998,0.998,0.998,0.995,0.977,0,0,0.011,0.04,0.08,0.257,0.419,0.536,0.613,0.662,0.728,0.795,0.864,0.916,0.957,0.978,0.989,0.992,0.996,0.996,0.996,0.996,0.996,0.996,0.996,0.989,0.944,,Optical Glass for Precision Molding,,,,,,,,
518635,K-PBK40,63.5,63.4,0.00815,0.0082,1.50795,1.51216,1.51364,1.51508,1.5155,1.51753,1.5176,1.51954,1.52323,1.5237,1.52758,0,1.53116,1.53718,0.00713,0.00292,0.00252,0.00446,0.875,0.358,0.309,0.547,0.00998,0.00435,0.00358,0.0096,1.225,0.534,0.439,1.178,0.00755,0.00404,0.00416,0.01348,0.921,0.493,0.507,1.644,2.2735478,-0.010246004,0.011125548,7.1357164E-05,1.3279862E-05,-7.5548313E-07,0.0324,0.0057,-0.0109,-0.0085,-0.02,615,6,606,70,799,325,0.229,501,549,54,73,1,1,1,,33,,29,2.39,,0,0.011,0.1,0.294,0.534,0.72,0.846,0.915,0.957,0.978,0.988,0.988,0.99,0.991,0.991,0.991,0.991,0.991,0.991,0.992,0.992,0.992,0.995,0.998,0.998,0.998,0.998,0,0,0,0.047,0.208,0.44,0.659,0.801,0.896,0.947,0.971,0.971,0.975,0.978,0.978,0.978,0.978,0.978,0.978,0.982,0.982,0.982,0.989,0.996,0.996,0.996,0.996,,Optical Glass for Precision Molding,,,,,,,,
523623,K-PBK50,62.3,62,0.00839,0.00846,1.51263,1.51691,1.51843,1.51992,1.52033,1.52243,1.5225,1.52451,1.52831,1.52879,1.53281,0,1.53652,1.54282,0.00729,0.00301,0.00258,0.00459,0.869,0.359,0.308,0.547,0.01031,0.0045,0.00371,0.01001,1.229,0.536,0.442,1.193,0.0077,0.00418,0.00428,0.01403,0.91,0.494,0.506,1.658,2.2871694,-0.010127516,0.01150249,0.00010619951,5.4365429E-06,-4.3955731E-08,0.0322,0.0076,-0.009,-0.0077,-0.0144,514,5,493,87,762,312,0.222,481,518,67,92,3,4,1,,34,,29,2.43,,0.009,0.017,0.078,0.232,0.453,0.658,0.803,0.891,0.942,0.972,0.982,0.988,0.993,0.993,0.993,0.993,0.995,0.995,0.996,0.997,0.998,0.998,0.998,0.998,0.998,0.995,0.964,0,0,0.001,0.026,0.138,0.351,0.578,0.751,0.862,0.933,0.956,0.972,0.983,0.983,0.983,0.983,0.989,0.989,0.992,0.993,0.996,0.996,0.996,0.996,0.996,0.988,0.914,,Optical Glass for Precision Molding,,,,,,,,
507705,K-PG325,70.5,70.2,0.00719,0.00724,1.49854,1.50199,1.50325,1.5045,1.50485,1.50663,1.5067,1.50841,1.51169,1.51209,1.51556,0,1.51875,1.52417,0.00596,0.00251,0.0022,0.00391,0.829,0.349,0.306,0.544,0.00886,0.00387,0.00319,0.00861,1.232,0.538,0.444,1.197,0.00631,0.00356,0.00368,0.01208,0.872,0.492,0.508,1.669,2.2434589,-0.0070701683,0.0094827147,0.00023641812,-1.6710268E-05,9.93153E-07,-0.0462,-0.0116,0.0108,0.0064,0.0538,352,4,376,800,642,254,0.265,288,317,143,165,1,5,1,B,34,,30,3,,0,0.001,0.016,0.084,0.264,0.522,0.743,0.882,0.946,0.972,0.985,0.99,0.99,0.992,0.992,0.992,0.994,0.994,0.996,0.996,0.996,0.996,0.996,0.996,0.998,0.998,0.997,0,0,0,0.002,0.036,0.197,0.476,0.732,0.872,0.933,0.964,0.977,0.977,0.981,0.981,0.981,0.987,0.987,0.99,0.991,0.991,0.991,0.991,0.991,0.996,0.996,0.993,,Optical Glass for Precision Molding,,50-200,,,,,,
543629,K-PG375,62.9,62.6,0.00862,0.0087,1.53287,1.53688,1.53838,1.53987,1.54029,1.54242,1.5425,1.54455,1.54849,1.54899,1.55318,0,1.55707,1.56369,0.007,0.00299,0.00263,0.00468,0.812,0.347,0.305,0.543,0.01068,0.00469,0.00389,0.01051,1.239,0.544,0.451,1.219,0.00742,0.00426,0.00444,0.0147,0.853,0.49,0.51,1.69,2.3445396,-0.0070376675,0.01274912,-3.9729957E-05,2.7427477E-05,-1.1100056E-06,-0.0277,-0.0051,0.0024,0.001,0.0169,368,4,428,620,625,249,0.252,344,367,129,160,1,3,1,,36,,31,2.9,,0,0,0,0.028,0.096,0.244,0.458,0.68,0.832,0.918,0.96,0.979,0.99,0.99,0.99,0.99,0.992,0.993,0.996,0.997,0.996,0.995,0.996,0.997,0.997,0.99,0.866,0,0,0,0,0,0.029,0.142,0.382,0.631,0.808,0.904,0.95,0.975,0.977,0.977,0.976,0.98,0.984,0.99,0.993,0.99,0.988,0.99,0.993,0.992,0.976,0.698,,Optical Glass for Precision Molding,,50-250,,,,,,
658369,K-PG395,36.9,36.6,0.01785,0.0181,1.63998,1.64707,1.64989,1.65277,1.65359,1.65784,1.658,1.66223,1.67062,1.67169,1.6811,0,1.69028,1.70714,0.01279,0.0057,0.00523,0.00946,0.717,0.319,0.293,0.53,0.0231,0.01048,0.00918,0.02604,1.294,0.587,0.514,1.459,0.01361,0.00864,0.00946,0.03545,0.752,0.477,0.523,1.959,2.6763223,-0.010181727,0.023280022,0.0011495729,-6.1339946E-05,8.1333844E-06,-0.0018,-0.0025,0.0057,0.0053,0.0546,390,4,418,530,693,277,0.249,363,392,124,159,1,3,1,,38,,35,3.5,,0,0,0,0,0,0,0,0.005,0.145,0.498,0.766,0.895,0.947,0.971,0.983,0.983,0.988,0.99,0.993,0.998,0.995,0.991,0.993,0.996,0.997,0.998,0.954,0,0,0,0,0,0,0,0,0.008,0.175,0.514,0.758,0.874,0.931,0.958,0.959,0.971,0.975,0.983,0.995,0.989,0.978,0.984,0.99,0.993,0.996,0.89,,Optical Glass for Precision Molding,,50-250,,,,,,
525704,K-PMK10,70.4,70.3,0.00746,0.0075,1.51645,1.52037,1.52175,1.52309,1.52346,1.52533,1.5254,1.52718,1.53055,1.53096,1.53451,0,1.53777,1.54323,0.00664,0.00272,0.00231,0.00409,0.89,0.365,0.31,0.548,0.00911,0.00396,0.00326,0.00872,1.221,0.531,0.437,1.169,0.00701,0.00372,0.00378,0.01227,0.935,0.496,0.504,1.636,2.2979818,-0.0090899526,0.01157017,-0.00034575444,6.6955748E-05,-3.4297059E-06,0.0154,0.004,-0.0005,-0.0012,0.0245,498,5,534,237,739,307,0.204,530,576,72,80,1,1,1,,34,,29,2.59,,0.023,0.025,0.083,0.216,0.419,0.62,0.78,0.874,0.926,0.947,0.963,0.974,0.982,0.985,0.985,0.988,0.988,0.991,0.991,0.996,0.998,0.998,0.998,0.998,0.998,0.904,0.468,0,0,0.002,0.021,0.114,0.303,0.537,0.715,0.826,0.874,0.912,0.937,0.957,0.963,0.964,0.971,0.971,0.977,0.979,0.991,0.997,0.998,0.998,0.998,0.998,0.778,0.15,,Optical Glass for Precision Molding,,,,,,,,
907212,K-PSFn1,21.2,21,0.04287,0.04369,1.86687,1.88192,1.88815,1.89467,1.89655,1.90644,1.9068,1.91689,1.93754,1.94024,1.96461,0,1.9897,0,0.0278,0.01275,0.01213,0.02222,0.648,0.297,0.283,0.518,0.05781,0.02707,0.02509,0,1.348,0.631,0.585,0,0.02968,0.02034,0.02335,0,0.679,0.466,0.534,0,3.4647134,-0.026786619,0.040795276,0.0098163482,-0.0011095829,9.7817496E-05,0.0036,-0.0063,0.0287,0.0262,0,444,4,441,310,886,359,0.233,498,543,74,102,1,1,1,,,49,39,4.15,,0,0,0,0,0,0,0,0,0,0,0,0.004,0.082,0.262,0.577,0.727,0.792,0.834,0.873,0.952,0.979,0.984,0.99,0.994,0.998,0.994,0.975,0,0,0,0,0,0,0,0,0,0,0,0,0.001,0.035,0.253,0.451,0.559,0.636,0.713,0.885,0.948,0.962,0.975,0.985,0.996,0.987,0.939,,Optical Glass for Precision Molding,,,,,,,,
2206,K-PSFn2,20.6,20.5,0.04852,0.04947,1.95709,1.97365,1.98065,1.988,1.99011,2.00129,2.0017,2.0131,2.03652,2.03958,2.06726,0,2.09566,0,0.03091,0.01435,0.0137,0.0251,0.637056883759276,0.295754328112121,0.282357790601815,0.517312448474859,0.06556,0.03074,0.0284,0,1.35119538334708,0.633553173948893,0.58532563891179,0,0.03302,0.02299,0.02648,0,0.66747523751769,0.464726096624219,0.535273903375781,0,3.787172456738,-0.02097441421938,0.05925801704871,0.007970079706865,-0.00070884577508,7.934532436593E-05,-0.0052,-0.0073,0.0302,0.0275,0,392,4,426,361,747,299,0.25,480,514,73,92,1,1,1,,,50,40,5.48,,0,0,0,0,0,0,0,0,0,0,0,0,0.025,0.122,0.415,0.628,0.744,0.817,0.871,0.948,0.954,0.952,0.967,0.989,0.993,0.993,0.981,0,0,0,0,0,0,0,0,0,0,0,0,0,0,0,0,0,0,0,0,0,0,0,0,0,0,0,,Optical Glass for Precision Molding,,,,,,,,
839239,K-PSFn3,23.9,23.7,0.03517,0.03581,1.80579,1.81846,1.82369,1.82915,1.83069,1.83888,1.83917,1.84746,1.86432,1.8665,1.88619,0,1.90616,0,0.02336,0.01069,0.01002,0.01831,0.664,0.304,0.285,0.521,0.04702,0.02187,0.01997,0,1.337,0.622,0.568,0,0.0249,0.01677,0.01904,0,0.695,0.468,0.532,0,3.2302797,-0.016072299,0.045091861,0.003656989,-0.00024619661,3.6023486E-05,0.0067,-0.0029,0.0225,0.0206,0,409,4,397,330,883,351,0.256,477,515,93,118,1,1,1,,,43,38,3.9,,0,0,0,0,0,0,0,0,0,0,0,0.109,0.333,0.537,0.77,0.87,0.914,0.937,0.955,0.982,0.99,0.993,0.993,0.995,0.998,0.994,0.969,0,0,0,0,0,0,0,0,0,0,0,0.004,0.064,0.212,0.52,0.707,0.799,0.85,0.892,0.957,0.977,0.984,0.984,0.991,0.995,0.985,0.925,,Optical Glass for Precision Molding,,,,,,,,
844248,K-PSFn4,24.8,24.6,0.03404,0.03464,1.81175,1.82391,1.82898,1.83425,1.83577,1.8437,1.844,1.85202,1.86829,1.87041,1.88925,0,1.90817,0,0.0225,0.01034,0.00975,0.01777,0.66098707403055,0.303760282021151,0.28642773207991,0.522032902467686,0.04525,0.02096,0.01892,0,1.32931844888366,0.615746180963574,0.555816686251463,0,0.02402,0.01625,0.01839,0,0.693418013856811,0.469110854503467,0.530889145496533,0,3.24904679897,-0.01324983785162,0.04537957510911,0.003185239242157,-0.000174263041117,2.731812844559E-05,-0.0008,-0.0041,0.0167,0.0159,0,342,3,372,567,652,260,0.255,469,510,103,122,1,1,1,,,42,37,4.58,,0,0,0,0,0,0,0,0,0,0.012,0.138,0.355,0.551,0.686,0.826,0.882,0.91,0.934,0.954,0.982,0.982,0.977,0.983,0.995,0.995,0.992,0.953,0,0,0,0,0,0,0,0,0,0,0.007,0.075,0.225,0.39,0.621,0.73,0.791,0.843,0.89,0.956,0.957,0.943,0.958,0.987,0.989,0.98,0.888,,Optical Glass for Precision Molding,,,,,,,,
921224,K-PSFn5,22.4,22.2,0.04109,0.04185,1.88288,1.89712,1.90313,1.90941,1.91122,1.92074,1.9211,1.93077,1.9505,1.95307,1.97615,0,1.9996,0,0.02653,0.01229,0.01169,0.02136,0.64565587734242,0.299099537600394,0.284497444633731,0.519834509613048,0.05505,0.02565,0.02345,0,1.33974202969093,0.62423947432466,0.57069846678024,0,0.02834,0.01955,0.0223,0,0.677180406212657,0.46714456391876,0.53285543608124,0,3.50700372213,-0.01627340866253,0.0512155481847,0.005898394243559,-0.000520578203577,5.742430369082E-05,-0.005,-0.006,0.0224,0.0209,0,360,4,376,491,664,265,0.254,463,495,108,112,1,1,1,,,46,38,5.22,,0,0,0,0,0,0,0,0,0,0,0.004,0.078,0.263,0.449,0.694,0.811,0.873,0.912,0.938,0.978,0.981,0.98,0.986,0.992,0.996,0.993,0.97,0,0,0,0,0,0,0,0,0,0,0,0.001,0.035,0.135,0.401,0.593,0.712,0.795,0.854,0.946,0.954,0.95,0.966,0.982,0.991,0.983,0.928,,Optical Glass for Precision Molding,,,,,,,,
566610,K-PSK11,61,60.8,0.00927,0.00934,1.55537,1.55977,1.56138,1.56298,1.56344,1.56572,1.5658,1.56801,1.57225,1.57278,1.5773,0,1.5815,1.58868,0.00761,0.00321,0.00282,0.00503,0.821,0.346,0.304,0.543,0.0115,0.00505,0.0042,0.01138,1.241,0.545,0.453,1.228,0.00807,0.00457,0.00477,0.0159,0.864,0.489,0.511,1.702,2.41598,-0.0091925712,0.012781645,0.00022915227,-1.6688365E-06,3.1925636E-07,-0.01,-0.0035,0.0002,-0.0012,0.0105,430,4,508,340,652,258,0.264,410,437,82,93,1,5,2,,34,,31,3.08,,0,0,0,0,0.114,0.534,0.792,0.908,0.953,0.971,0.981,0.985,0.988,0.99,0.99,0.99,0.995,0.995,0.997,0.997,0.998,0.998,0.998,0.998,0.998,0.991,0.904,0,0,0,0,0,0.208,0.559,0.786,0.887,0.93,0.954,0.964,0.971,0.975,0.975,0.975,0.989,0.989,0.992,0.992,0.996,0.996,0.996,0.996,0.996,0.978,0.777,,Optical Glass for Precision Molding,,,,,,,,
592607,K-PSK100,60.7,60.3,0.00975,0.00985,1.58084,1.58536,1.58705,1.58873,1.58921,1.59161,1.5917,1.59403,1.59848,1.59906,1.60382,0,1.60824,1.61572,0.00789,0.00337,0.00297,0.0053,0.809,0.346,0.305,0.544,0.01212,0.00534,0.00442,0.0119,1.243,0.548,0.453,1.221,0.00837,0.00482,0.00503,0.01666,0.85,0.489,0.511,1.691,2.4921131,-0.0077271083,0.015520581,-0.00028929892,7.4178536E-05,-3.8093693E-06,-0.0201,-0.0037,0.0021,0.0012,0.0007,384,4,390,400,700,227,0.262,390,415,95,114,1,6,1,,36,,32,3.24,,,,,,,0.015,0.174,0.513,0.776,0.902,0.947,0.967,0.981,0.982,0.984,0.991,0.992,0.992,0.992,0.998,0.998,0.998,0.998,0.998,0.994,0.975,0.882,,,,,,,0.012,0.188,0.531,0.774,0.874,0.92,0.954,0.957,0.961,0.978,0.982,0.982,0.985,0.996,0.996,0.996,0.996,0.996,0.986,0.94,0.73,,Optical Glass for Precision Molding,,,,,,,,
613590,K-PSK200,59,58.7,0.01039,0.01049,1.6016,1.60634,1.60812,1.60991,1.61041,1.61296,1.61305,1.61553,1.6203,1.6209,1.62599,0,1.63074,1.63884,0.00831,0.00357,0.00314,0.00562,0.799807507218474,0.343599615014419,0.302213666987498,0.540904716073137,0.01294,0.00569,0.00475,0.01285,1.24542829643886,0.547641963426362,0.457170356111644,1.23676612127044,0.00881,0.00512,0.00537,0.01794,0.839847473784546,0.48808388941849,0.51191611058151,1.71020019065776,2.558594739791,-0.008493362648764,0.0156069414403,6.04961509687E-05,2.643572912864E-05,-1.0679539241E-06,-0.0217,-0.0038,0.001,-0.0013,0.0039,425,4,451,474,719,282,0.275,386,412,100,123,1,4,1,,34,,31,3.38,,0,0,0.029,0.045,0.321,0.637,0.812,0.909,0.95,0.97,0.983,0.986,0.989,0.988,0.989,0.993,0.994,0.993,0.997,0.998,0.998,0.998,0.998,0.998,0.998,0.994,0.937,0,0,0,0,0.058,0.324,0.594,0.788,0.881,0.928,0.958,0.965,0.973,0.971,0.973,0.984,0.985,0.984,0.994,0.995,0.995,0.995,0.995,0.995,0.996,0.985,0.851,,Optical Glass for Precision Molding,,,,,,,,
512521,K-SKF6,52.1,51.8,0.00983,0.00993,1.50123,1.50573,1.50739,1.50905,1.50952,1.51191,1.512,1.51434,1.51888,1.51945,1.52438,0,1.52905,1.53732,0.00782,0.00332,0.00295,0.00529,0.795523906408945,0.337741607324515,0.300101729399797,0.538148524923704,0.01238,0.0055,0.00467,0.01294,1.25940996948119,0.559511698880982,0.475076297049842,1.31637843336724,0.00829,0.00482,0.00511,0.01787,0.834843907351451,0.485397784491445,0.514602215508555,1.79959718026184,2.25234390035,-0.009772936926659,0.01099640743352,0.000807907508207,-7.401337417479E-05,4.903123543121E-06,0.0063,-0.0017,0.0013,0.0003,0.03,413,4,440,190,503,203,0.236,432,516,95,100,3,4,1,,36,,34,2.51,,0,0,0,0,0,0.002,0.007,0.206,0.606,0.836,0.919,0.948,0.969,0.979,0.986,0.991,0.994,0.995,0.998,0.998,0.998,0.998,0.998,0.998,0.998,0.996,0.986,0,0,0,0,0,0,0,0.019,0.285,0.64,0.81,0.877,0.926,0.949,0.967,0.979,0.985,0.987,0.995,0.996,0.996,0.996,0.996,0.996,0.996,0.99,0.966,,Optical Glass for Precision Molding,,,,,,,,
670554,K-VC78,55.4,55.2,0.01208,0.01218,1.65604,1.66169,1.66379,1.66588,1.66646,1.66944,1.66955,1.67243,1.67796,1.67864,1.68453,0,1.69,1.69934,0.00984,0.00419,0.00367,0.00655,0.814569536423856,0.346854304635777,0.303807947019876,0.542218543046368,0.01498,0.00657,0.00547,0.01481,1.24,0.544,0.453,1.22599337748346,0.01042,0.00597,0.00621,0.0207,0.856,0.49,0.51,1.69950738916259,2.7362031,-0.01152946,0.018455783,0.00016531735,1.4194061E-05,-2.344624E-07,0.0099,0.0036,-0.0115,-0.0104,-0.0348,561,6,560,110,1061,415,0.279,520,556,80,100,1,4,2,,35,,28,3.44,,0.032,0.111,0.232,0.279,0.552,0.71,0.826,0.898,0.943,0.967,0.982,0.985,0.988,0.99,0.99,0.991,0.994,0.995,0.995,0.995,0.997,0.998,0.998,0.998,0.998,0.995,0.968,0,0,0.026,0.041,0.27,0.425,0.62,0.765,0.864,0.92,0.957,0.964,0.971,0.975,0.975,0.978,0.985,0.989,0.989,0.989,0.992,0.996,0.996,0.996,0.996,0.989,0.923,,Optical Glass for Precision Molding,,,,,,,,
610579,K-VC79,57.9,57.7,0.01054,0.01063,1.59843,1.60347,1.60531,1.60714,1.60765,1.61025,1.61035,1.61286,1.61768,1.61828,1.62338,0,1.6281,1.63618,0.00871,0.00367,0.00321,0.00572,0.826375711574953,0.348,0.304554079696389,0.542694497153696,0.01303,0.0057,0.00472,0.0128,1.236,0.541,0.448,1.21442125237191,0.00922,0.00521,0.00542,0.0179,0.867,0.49,0.51,1.68391345249296,2.5535676,-0.011948245,0.013374739,0.0008027849,-8.3350094E-05,4.6458914E-06,0.0101,0.0021,-0.0103,-0.0098,-0.027,599,6,609,120,1008,401,0.256,516,553,72,93,1,4,2,,34,,29,3.09,,0.022,0.103,0.26,0.378,0.669,0.799,0.891,0.939,0.964,0.978,0.982,0.985,0.985,0.985,0.985,0.988,0.99,0.991,0.992,0.994,0.994,0.997,0.997,0.998,0.998,0.997,0.978,0,0,0.034,0.088,0.366,0.571,0.751,0.854,0.913,0.947,0.957,0.964,0.964,0.964,0.964,0.971,0.975,0.978,0.982,0.985,0.985,0.992,0.992,0.996,0.996,0.992,0.947,,Optical Glass for Precision Molding,,,,,,,,
694531,K-VC80,53.1,52.9,0.01306,0.01317,1.67935,1.68539,1.68764,1.68989,1.69052,1.69373,1.69384,1.69696,1.70295,1.70369,1.71012,0,1.71607,1.72616,0.01054,0.0045,0.00395,0.00707,0.807,0.345,0.302,0.541,0.01628,0.00717,0.00595,0.01604,1.247,0.549,0.456,1.228,0.01117,0.00644,0.00673,0.02247,0.848,0.489,0.511,1.706,2.8122048,-0.011905846,0.020876738,-0.00012892548,7.9704899E-05,-4.4490242E-06,0.013,0.004,-0.0095,-0.0087,-0.0502,531,5,521,120,1059,416,0.273,530,566,64,94,1,4,1,,36,,29,3.81,,0,0.036,0.112,0.247,0.321,0.577,0.711,0.815,0.888,0.931,0.957,0.974,0.981,0.986,0.99,0.992,0.996,0.998,0.998,0.998,0.998,0.998,0.998,0.998,0.998,0.998,0.976,0,0,0,0.03,0.058,0.253,0.426,0.6,0.743,0.838,0.895,0.936,0.954,0.966,0.976,0.981,0.99,0.996,0.996,0.996,0.996,0.996,0.996,0.996,0.996,0.996,0.942,,Optical Glass for Precision Molding,,,,,,,,
755456,K-VC81,45.6,45.4,0.01656,0.01673,1.73719,1.74453,1.74733,1.75014,1.75093,1.75497,1.75512,1.75906,1.7667,1.76766,1.77593,0,1.78372,1.79726,0.01295,0.00561,0.00498,0.00892,0.782,0.339,0.301,0.539,0.02081,0.00923,0.00779,0.02133,1.257,0.557,0.47,1.288,0.01374,0.00813,0.0086,0.0296,0.821,0.486,0.514,1.769,3.0049068,-0.013104501,0.027061268,1.2975893E-05,7.0805863E-05,-2.1408122E-06,0.0231,0.0069,-0.0145,-0.0115,-0.0487,706,7,669,80,1180,459,0.284,510,549,65,88,1,4,1,,39,,31,4.27,,0,0,0,0.027,0.103,0.242,0.397,0.559,0.701,0.811,0.889,0.925,0.951,0.967,0.982,0.99,0.992,0.997,0.998,0.998,0.998,0.998,0.998,0.998,0.991,0.987,0.951,0,0,0,0,0,0.028,0.099,0.234,0.411,0.593,0.745,0.823,0.883,0.92,0.957,0.975,0.982,0.992,0.996,0.996,0.996,0.996,0.996,0.996,0.978,0.968,0.883,,Optical Glass for Precision Molding,,,,,,,,
756456,K-VC82,45.6,45.4,0.01657,0.01674,1.7376,1.74495,1.74773,1.75053,1.75132,1.75535,1.7555,1.75944,1.7671,1.76806,1.77636,0,1.78418,1.79788,0.01293,0.00558,0.00497,0.00891,0.78,0.337,0.3,0.538,0.02086,0.00926,0.00782,0.02152,1.259,0.559,0.472,1.299,0.01372,0.00812,0.00862,0.02982,0.82,0.485,0.515,1.781,3.0105453,-0.015130906,0.024124793,0.00088974564,-4.846236E-05,4.1414571E-06,0.0214,0.0048,-0.0122,-0.01,-0.038,689,7,712,93,1113,434,0.281,526,563,59,80,1,4,1,,38,,33,4.25,,0,0,0,0,0,0.002,0.059,0.337,0.627,0.801,0.887,0.93,0.956,0.971,0.981,0.988,0.989,0.993,0.997,0.999,0.997,0.998,0.997,0.998,0.998,0.998,0.973,0,0,0,0,0,0,0,0.066,0.311,0.574,0.742,0.834,0.895,0.929,0.955,0.97,0.973,0.984,0.993,0.997,0.994,0.996,0.992,0.997,0.998,0.998,0.934,,Optical Glass for Precision Molding,,,,,,,,
810410,K-VC89,41,40.8,0.01976,0.01999,1.78938,1.79755,1.8008,1.8041,1.80503,1.80982,1.81,1.81469,1.82386,1.82502,1.83507,0,1.84464,1.86153,0.01472,0.00655,0.0059,0.01059,0.745,0.331,0.299,0.536,0.02507,0.01121,0.00957,0.02646,1.269,0.567,0.484,1.339,0.01565,0.00966,0.01033,0.03651,0.783,0.483,0.517,1.826,3.175701,-0.0085956442,0.036672615,-0.0008832246,0.0002071601,-7.0406978E-06,0.0075,0.0049,-0.0116,-0.0084,-0.0334,644,6,654,78,1124,436,0.29,528,559,64,83,1,3,1,,40,,34,4.75,,0,0,0,0,0,0,0.031,0.076,0.326,0.584,0.754,0.854,0.91,0.943,0.972,0.981,0.985,0.99,0.995,0.996,0.996,0.996,0.998,0.998,0.998,0.998,0.973,0,0,0,0,0,0,0,0.002,0.061,0.26,0.493,0.675,0.789,0.862,0.931,0.953,0.963,0.976,0.987,0.992,0.994,0.994,0.995,0.996,0.996,0.996,0.933,,Optical Glass for Precision Molding,,,,,,,,
714389,K-ZnSF8,38.9,38.6,0.01838,0.0186,1.69523,1.70285,1.70583,1.70886,1.70972,1.71414,1.7143,1.71866,1.72724,1.72832,1.7378,0,1.74687,1.76313,0.01363,0.00601,0.00544,0.0098,0.742,0.327,0.296,0.533,0.0235,0.01056,0.00907,0.02533,1.279,0.575,0.493,1.378,0.01449,0.00894,0.00966,0.03481,0.779,0.481,0.519,1.872,2.8605099,-0.012462988,0.025965803,0.00092523927,-2.8185401E-05,4.627972E-06,0.0141,0.0029,-0.006,-0.0044,-0.0109,512,5,548,100,873,333,0.311,518,546,49,60,1,4,2,,39,,34,3.72,,0,0,0,0,0,0,0,0.107,0.447,0.694,0.835,0.905,0.94,0.961,0.975,0.981,0.985,0.988,0.988,0.992,0.995,0.997,0.997,0.998,0.998,0.998,0.963,0,0,0,0,0,0,0,0,0.134,0.402,0.638,0.78,0.857,0.906,0.94,0.954,0.964,0.971,0.971,0.982,0.989,0.992,0.992,0.996,0.996,0.996,0.91,,Optical Glass for Precision Molding,,,,,,,,
